﻿<?xml version="1.0" encoding="utf-8"?>
<deployment>
  <id>c87aca1b84b450756f42eb9ec1ea3912b299b462</id>
  <author>Gabriel Guzman</author>
  <deployer>GitHub</deployer>
  <authorEmail>guzman.gabriel@outlook.com</authorEmail>
  <message>Setting up sockets as last hope
</message>
  <progress></progress>
  <status>Success</status>
  <statusText></statusText>
  <lastSuccessEndTime>2017-02-26T12:48:06.531452Z</lastSuccessEndTime>
  <receivedTime>2017-02-26T12:47:50.136816Z</receivedTime>
  <startTime>2017-02-26T12:47:50.3088624Z</startTime>
  <endTime>2017-02-26T12:48:06.531452Z</endTime>
  <complete>True</complete>
  <is_temp>False</is_temp>
  <is_readonly>False</is_readonly>
</deployment>