﻿<?xml version="1.0" encoding="utf-8"?>
<deployment>
  <id>f1827f2e835f9d4d05747ca0de324bbfdb52ed68</id>
  <author>Gabriel Guzman</author>
  <deployer>GitHub</deployer>
  <authorEmail>guzman.gabriel@outlook.com</authorEmail>
  <message>Merge branch 'master' of https://github.com/thefurnace/peer_
</message>
  <progress></progress>
  <status>Success</status>
  <statusText></statusText>
  <lastSuccessEndTime>2017-02-26T14:08:47.7943892Z</lastSuccessEndTime>
  <receivedTime>2017-02-26T14:08:32.1303959Z</receivedTime>
  <startTime>2017-02-26T14:08:32.3179356Z</startTime>
  <endTime>2017-02-26T14:08:47.7943892Z</endTime>
  <complete>True</complete>
  <is_temp>False</is_temp>
  <is_readonly>False</is_readonly>
</deployment>