﻿<?xml version="1.0" encoding="utf-8"?>
<deployment>
  <id>5538cedacaa432ce7002b93e391579fec746f0ab</id>
  <author>dilloncc97</author>
  <deployer>GitHub</deployer>
  <authorEmail>dillonculp51@gmail.com</authorEmail>
  <message>fine tune frontend
</message>
  <progress></progress>
  <status>Success</status>
  <statusText></statusText>
  <lastSuccessEndTime>2017-02-26T13:17:38.0690466Z</lastSuccessEndTime>
  <receivedTime>2017-02-26T13:17:22.664234Z</receivedTime>
  <startTime>2017-02-26T13:17:22.8673578Z</startTime>
  <endTime>2017-02-26T13:17:38.0690466Z</endTime>
  <complete>True</complete>
  <is_temp>False</is_temp>
  <is_readonly>False</is_readonly>
</deployment>