﻿<?xml version="1.0" encoding="utf-8"?>
<deployment>
  <id>4cf0c74fb1fc9067d68b5b5b1b3e3cb8b903aeff</id>
  <author>Gabriel Guzman</author>
  <deployer>GitHub</deployer>
  <authorEmail>guzman.gabriel@outlook.com</authorEmail>
  <message>Setting up sockets as last hope
</message>
  <progress></progress>
  <status>Success</status>
  <statusText></statusText>
  <lastSuccessEndTime>2017-02-26T12:50:01.9686602Z</lastSuccessEndTime>
  <receivedTime>2017-02-26T12:49:44.2174754Z</receivedTime>
  <startTime>2017-02-26T12:49:44.3893524Z</startTime>
  <endTime>2017-02-26T12:50:01.9686602Z</endTime>
  <complete>True</complete>
  <is_temp>False</is_temp>
  <is_readonly>False</is_readonly>
</deployment>