<step title="BackgroundTrace" date="2017-02-26T07:53:13.430" instance="25c8fe" url="/deploy" method="POST" >
  <step title="Performing fetch based deployment" date="2017-02-26T07:53:13.446" >
    <step title="Creating temporary deployment" date="2017-02-26T07:53:13.446" /><!-- duration: 62ms -->
    <step title="LibGit2SharpRepository Fetch" date="2017-02-26T07:53:13.852" /><!-- duration: 682ms -->
    <step title="LibGit2SharpRepository Update" date="2017-02-26T07:53:14.550" /><!-- duration: 2875ms -->
    <step title="DeploymentManager.Deploy(id:3ad3e2b65f519fd95aec05435c59852633ced47b)" date="2017-02-26T07:53:17.503" >
      <step title="Collecting changeset information" date="2017-02-26T07:53:17.518" /><!-- duration: 78ms -->
      <step title="Updating submodules" date="2017-02-26T07:53:17.597" /><!-- duration: 78ms -->
      <step title="Determining deployment builder" date="2017-02-26T07:53:17.815" >
        <step title="Builder is NodeSiteBuilder" date="2017-02-26T07:53:17.878" /><!-- duration: 16ms -->
      </step><!-- duration: 78ms -->
      <step title="Copying SSH keys" date="2017-02-26T07:53:17.940" /><!-- duration: 0ms -->
      <step title="Building" date="2017-02-26T07:53:17.956" >
        <step title="Generating deployment script" date="2017-02-26T07:53:18.051" >
          <step title="Using cached version of the deployment script for command: -y --no-dot-deployment -r &quot;D:\home\site\repository&quot; -o &quot;D:\home\site\deployments\tools&quot; --node" date="2017-02-26T07:53:18.082" /><!-- duration: 0ms -->
        </step><!-- duration: 47ms -->
        <step title="Executing external process" date="2017-02-26T07:53:18.176" type="process" path="starter.cmd" arguments="&quot;D:\home\site\deployments\tools\deploy.cmd&quot;" /><!-- duration: 9643ms -->
        <step title="FunctionManager.SyncTriggers" date="2017-02-26T07:53:27.896" >
          <step title="Functions are not enabled for this site." date="2017-02-26T07:53:27.896" /><!-- duration: 0ms -->
        </step><!-- duration: 16ms -->
        <step title="Purge deployment items" date="2017-02-26T07:53:28.412" >
          <step title="Remove b7dade968, Success, received at 2/26/2017 6:45:55 AM" date="2017-02-26T07:53:28.490" /><!-- duration: 0ms -->
        </step><!-- duration: 78ms -->
      </step><!-- duration: 10565ms -->
    </step><!-- duration: 11034ms -->
    <step title="Cleaning up temp files" date="2017-02-26T07:53:28.537" /><!-- duration: 0ms -->
    <step title="WebHooksManager.PublishEventAsync: PostDeployment" date="2017-02-26T07:53:28.568" /><!-- duration: 31ms -->
  </step><!-- duration: 15750ms -->
</step><!-- duration: 15782ms -->
