<step title="BackgroundTrace" date="2017-02-26T14:08:25.544" instance="25c8fe" url="/deploy" method="POST" >
  <step title="Performing fetch based deployment" date="2017-02-26T14:08:25.560" >
    <step title="Creating temporary deployment" date="2017-02-26T14:08:25.560" /><!-- duration: 62ms -->
    <step title="LibGit2SharpRepository Fetch" date="2017-02-26T14:08:25.954" /><!-- duration: 985ms -->
    <step title="LibGit2SharpRepository Update" date="2017-02-26T14:08:26.939" /><!-- duration: 5035ms -->
    <step title="DeploymentManager.Deploy(id:f1827f2e835f9d4d05747ca0de324bbfdb52ed68)" date="2017-02-26T14:08:32.099" >
      <step title="Collecting changeset information" date="2017-02-26T14:08:32.099" /><!-- duration: 63ms -->
      <step title="Updating submodules" date="2017-02-26T14:08:32.161" /><!-- duration: 63ms -->
      <step title="Determining deployment builder" date="2017-02-26T14:08:32.333" >
        <step title="Builder is NodeSiteBuilder" date="2017-02-26T14:08:32.411" /><!-- duration: 0ms -->
      </step><!-- duration: 78ms -->
      <step title="Copying SSH keys" date="2017-02-26T14:08:32.442" /><!-- duration: 0ms -->
      <step title="Building" date="2017-02-26T14:08:32.442" >
        <step title="Generating deployment script" date="2017-02-26T14:08:32.489" >
          <step title="Using cached version of the deployment script for command: -y --no-dot-deployment -r &quot;D:\home\site\repository&quot; -o &quot;D:\home\site\deployments\tools&quot; --node" date="2017-02-26T14:08:32.521" /><!-- duration: 0ms -->
        </step><!-- duration: 31ms -->
        <step title="Executing external process" date="2017-02-26T14:08:32.616" type="process" path="starter.cmd" arguments="&quot;D:\home\site\deployments\tools\deploy.cmd&quot;" /><!-- duration: 14959ms -->
        <step title="FunctionManager.SyncTriggers" date="2017-02-26T14:08:47.638" >
          <step title="Functions are not enabled for this site." date="2017-02-26T14:08:47.653" /><!-- duration: 0ms -->
        </step><!-- duration: 31ms -->
        <step title="Purge deployment items" date="2017-02-26T14:08:48.169" >
          <step title="Remove fe7c2ce25, Success, received at 2/26/2017 12:20:54 PM" date="2017-02-26T14:08:48.263" /><!-- duration: 0ms -->
        </step><!-- duration: 109ms -->
      </step><!-- duration: 15851ms -->
    </step><!-- duration: 16211ms -->
    <step title="Cleaning up temp files" date="2017-02-26T14:08:48.310" /><!-- duration: 16ms -->
    <step title="WebHooksManager.PublishEventAsync: PostDeployment" date="2017-02-26T14:08:48.341" /><!-- duration: 47ms -->
  </step><!-- duration: 22843ms -->
</step><!-- duration: 22875ms -->
