<step title="BackgroundTrace" date="2017-02-26T11:39:22.193" instance="25c8fe" url="/deploy" method="POST" >
  <step title="Performing fetch based deployment" date="2017-02-26T11:39:22.208" >
    <step title="Creating temporary deployment" date="2017-02-26T11:39:22.224" /><!-- duration: 47ms -->
    <step title="LibGit2SharpRepository Fetch" date="2017-02-26T11:39:22.744" /><!-- duration: 818ms -->
    <step title="LibGit2SharpRepository Update" date="2017-02-26T11:39:23.578" /><!-- duration: 4858ms -->
    <step title="DeploymentManager.Deploy(id:3261084402a6e1877ef9fdb303ff47598c12928e)" date="2017-02-26T11:39:28.530" >
      <step title="Collecting changeset information" date="2017-02-26T11:39:28.546" /><!-- duration: 47ms -->
      <step title="Updating submodules" date="2017-02-26T11:39:28.608" /><!-- duration: 109ms -->
      <step title="Determining deployment builder" date="2017-02-26T11:39:28.827" >
        <step title="Builder is NodeSiteBuilder" date="2017-02-26T11:39:29.030" /><!-- duration: 0ms -->
      </step><!-- duration: 203ms -->
      <step title="Copying SSH keys" date="2017-02-26T11:39:29.061" /><!-- duration: 0ms -->
      <step title="Building" date="2017-02-26T11:39:29.077" >
        <step title="Generating deployment script" date="2017-02-26T11:39:29.155" >
          <step title="Using cached version of the deployment script for command: -y --no-dot-deployment -r &quot;D:\home\site\repository&quot; -o &quot;D:\home\site\deployments\tools&quot; --node" date="2017-02-26T11:39:29.186" /><!-- duration: 0ms -->
        </step><!-- duration: 47ms -->
        <step title="Executing external process" date="2017-02-26T11:39:29.264" type="process" path="starter.cmd" arguments="&quot;D:\home\site\deployments\tools\deploy.cmd&quot;" /><!-- duration: 14848ms -->
        <step title="FunctionManager.SyncTriggers" date="2017-02-26T11:39:44.177" >
          <step title="Functions are not enabled for this site." date="2017-02-26T11:39:44.177" /><!-- duration: 0ms -->
        </step><!-- duration: 16ms -->
        <step title="Purge deployment items" date="2017-02-26T11:39:44.630" >
          <step title="Remove dd520fba0, Success, received at 2/26/2017 9:36:22 AM" date="2017-02-26T11:39:44.708" /><!-- duration: 0ms -->
        </step><!-- duration: 78ms -->
      </step><!-- duration: 15662ms -->
    </step><!-- duration: 16225ms -->
    <step title="Cleaning up temp files" date="2017-02-26T11:39:44.755" /><!-- duration: 0ms -->
    <step title="WebHooksManager.PublishEventAsync: PostDeployment" date="2017-02-26T11:39:44.786" /><!-- duration: 16ms -->
  </step><!-- duration: 22671ms -->
</step><!-- duration: 22703ms -->
