<step title="BackgroundTrace" date="2017-02-26T08:10:22.332" instance="25c8fe" url="/deploy" method="POST" >
  <step title="Performing fetch based deployment" date="2017-02-26T08:10:22.347" >
    <step title="Creating temporary deployment" date="2017-02-26T08:10:22.363" /><!-- duration: 64ms -->
    <step title="LibGit2SharpRepository Fetch" date="2017-02-26T08:10:22.825" /><!-- duration: 829ms -->
    <step title="LibGit2SharpRepository Update" date="2017-02-26T08:10:23.669" /><!-- duration: 2650ms -->
    <step title="DeploymentManager.Deploy(id:ae8402a2a56c8eba7c34d7cc71463410e4850a33)" date="2017-02-26T08:10:26.382" >
      <step title="Collecting changeset information" date="2017-02-26T08:10:26.398" /><!-- duration: 47ms -->
      <step title="Updating submodules" date="2017-02-26T08:10:26.460" /><!-- duration: 47ms -->
      <step title="Determining deployment builder" date="2017-02-26T08:10:26.632" >
        <step title="Builder is NodeSiteBuilder" date="2017-02-26T08:10:26.679" /><!-- duration: 0ms -->
      </step><!-- duration: 63ms -->
      <step title="Copying SSH keys" date="2017-02-26T08:10:26.726" /><!-- duration: 0ms -->
      <step title="Building" date="2017-02-26T08:10:26.741" >
        <step title="Generating deployment script" date="2017-02-26T08:10:26.820" >
          <step title="Using cached version of the deployment script for command: -y --no-dot-deployment -r &quot;D:\home\site\repository&quot; -o &quot;D:\home\site\deployments\tools&quot; --node" date="2017-02-26T08:10:26.835" /><!-- duration: 16ms -->
        </step><!-- duration: 31ms -->
        <step title="Executing external process" date="2017-02-26T08:10:26.929" type="process" path="starter.cmd" arguments="&quot;D:\home\site\deployments\tools\deploy.cmd&quot;" /><!-- duration: 8995ms -->
        <step title="FunctionManager.SyncTriggers" date="2017-02-26T08:10:36.017" >
          <step title="Functions are not enabled for this site." date="2017-02-26T08:10:36.017" /><!-- duration: 16ms -->
        </step><!-- duration: 16ms -->
        <step title="Purge deployment items" date="2017-02-26T08:10:36.580" >
          <step title="Remove 38ccc7516, Success, received at 2/26/2017 7:20:49 AM" date="2017-02-26T08:10:36.658" /><!-- duration: 16ms -->
        </step><!-- duration: 94ms -->
      </step><!-- duration: 9979ms -->
    </step><!-- duration: 10354ms -->
    <step title="Cleaning up temp files" date="2017-02-26T08:10:36.752" /><!-- duration: 0ms -->
    <step title="WebHooksManager.PublishEventAsync: PostDeployment" date="2017-02-26T08:10:36.814" /><!-- duration: 62ms -->
  </step><!-- duration: 14623ms -->
</step><!-- duration: 14654ms -->
