<step title="BackgroundTrace" date="2017-02-26T12:38:48.570" instance="25c8fe" url="/deploy" method="POST" >
  <step title="Performing fetch based deployment" date="2017-02-26T12:38:48.585" >
    <step title="Creating temporary deployment" date="2017-02-26T12:38:48.601" /><!-- duration: 47ms -->
    <step title="LibGit2SharpRepository Fetch" date="2017-02-26T12:38:48.898" /><!-- duration: 894ms -->
    <step title="LibGit2SharpRepository Update" date="2017-02-26T12:38:49.792" /><!-- duration: 5238ms -->
    <step title="DeploymentManager.Deploy(id:f31d6ce9176c4da33e78a96843b5f349d28cb139)" date="2017-02-26T12:38:55.124" >
      <step title="Collecting changeset information" date="2017-02-26T12:38:55.139" /><!-- duration: 47ms -->
      <step title="Updating submodules" date="2017-02-26T12:38:55.186" /><!-- duration: 62ms -->
      <step title="Determining deployment builder" date="2017-02-26T12:38:55.358" >
        <step title="Builder is NodeSiteBuilder" date="2017-02-26T12:38:56.602" /><!-- duration: 16ms -->
      </step><!-- duration: 1260ms -->
      <step title="Copying SSH keys" date="2017-02-26T12:38:56.649" /><!-- duration: 16ms -->
      <step title="Building" date="2017-02-26T12:38:56.665" >
        <step title="Generating deployment script" date="2017-02-26T12:38:56.712" >
          <step title="Using cached version of the deployment script for command: -y --no-dot-deployment -r &quot;D:\home\site\repository&quot; -o &quot;D:\home\site\deployments\tools&quot; --node" date="2017-02-26T12:38:56.743" /><!-- duration: 0ms -->
        </step><!-- duration: 47ms -->
        <step title="Executing external process" date="2017-02-26T12:38:56.821" type="process" path="starter.cmd" arguments="&quot;D:\home\site\deployments\tools\deploy.cmd&quot;" /><!-- duration: 14533ms -->
        <step title="FunctionManager.SyncTriggers" date="2017-02-26T12:39:11.448" >
          <step title="Functions are not enabled for this site." date="2017-02-26T12:39:11.448" /><!-- duration: 47ms -->
        </step><!-- duration: 47ms -->
        <step title="Purge deployment items" date="2017-02-26T12:39:11.948" >
          <step title="Remove 6c9226425, Success, received at 2/26/2017 11:33:43 AM" date="2017-02-26T12:39:12.026" /><!-- duration: 16ms -->
        </step><!-- duration: 94ms -->
      </step><!-- duration: 15408ms -->
    </step><!-- duration: 16965ms -->
    <step title="Cleaning up temp files" date="2017-02-26T12:39:12.088" /><!-- duration: 0ms -->
    <step title="WebHooksManager.PublishEventAsync: PostDeployment" date="2017-02-26T12:39:12.120" /><!-- duration: 31ms -->
  </step><!-- duration: 23628ms -->
</step><!-- duration: 23660ms -->
