<step title="BackgroundTrace" date="2017-02-26T08:04:34.034" instance="25c8fe" url="/deploy" method="POST" >
  <step title="Performing fetch based deployment" date="2017-02-26T08:04:34.049" >
    <step title="Creating temporary deployment" date="2017-02-26T08:04:34.049" /><!-- duration: 63ms -->
    <step title="LibGit2SharpRepository Fetch" date="2017-02-26T08:04:34.462" /><!-- duration: 859ms -->
    <step title="LibGit2SharpRepository Update" date="2017-02-26T08:04:35.321" /><!-- duration: 3535ms -->
    <step title="DeploymentManager.Deploy(id:434c5b5f1c58f0b7921954a1ca27d7865cbf3edc)" date="2017-02-26T08:04:38.934" >
      <step title="Collecting changeset information" date="2017-02-26T08:04:38.949" /><!-- duration: 78ms -->
      <step title="Updating submodules" date="2017-02-26T08:04:39.043" /><!-- duration: 78ms -->
      <step title="Determining deployment builder" date="2017-02-26T08:04:39.246" >
        <step title="Builder is NodeSiteBuilder" date="2017-02-26T08:04:39.341" /><!-- duration: 0ms -->
      </step><!-- duration: 109ms -->
      <step title="Copying SSH keys" date="2017-02-26T08:04:39.403" /><!-- duration: 16ms -->
      <step title="Building" date="2017-02-26T08:04:39.418" >
        <step title="Generating deployment script" date="2017-02-26T08:04:39.498" >
          <step title="Using cached version of the deployment script for command: -y --no-dot-deployment -r &quot;D:\home\site\repository&quot; -o &quot;D:\home\site\deployments\tools&quot; --node" date="2017-02-26T08:04:39.529" /><!-- duration: 0ms -->
        </step><!-- duration: 47ms -->
        <step title="Executing external process" date="2017-02-26T08:04:39.623" type="process" path="starter.cmd" arguments="&quot;D:\home\site\deployments\tools\deploy.cmd&quot;" /><!-- duration: 9207ms -->
        <step title="FunctionManager.SyncTriggers" date="2017-02-26T08:04:48.908" >
          <step title="Functions are not enabled for this site." date="2017-02-26T08:04:48.908" /><!-- duration: 0ms -->
        </step><!-- duration: 16ms -->
        <step title="Purge deployment items" date="2017-02-26T08:04:49.361" >
          <step title="Remove 58eb37edb, Success, received at 2/26/2017 7:07:18 AM" date="2017-02-26T08:04:49.439" /><!-- duration: 16ms -->
        </step><!-- duration: 94ms -->
      </step><!-- duration: 10068ms -->
    </step><!-- duration: 10568ms -->
    <step title="Cleaning up temp files" date="2017-02-26T08:04:49.502" /><!-- duration: 0ms -->
    <step title="WebHooksManager.PublishEventAsync: PostDeployment" date="2017-02-26T08:04:49.533" /><!-- duration: 37ms -->
  </step><!-- duration: 15546ms -->
</step><!-- duration: 15593ms -->
