<step title="BackgroundTrace" date="2017-02-26T11:43:25.354" instance="25c8fe" url="/deploy" method="POST" >
  <step title="Performing fetch based deployment" date="2017-02-26T11:43:25.369" >
    <step title="Creating temporary deployment" date="2017-02-26T11:43:25.369" /><!-- duration: 47ms -->
    <step title="LibGit2SharpRepository Fetch" date="2017-02-26T11:43:25.760" /><!-- duration: 828ms -->
    <step title="LibGit2SharpRepository Update" date="2017-02-26T11:43:26.588" /><!-- duration: 5010ms -->
    <step title="DeploymentManager.Deploy(id:b201f74c80177b242b8e589ee0f92ef7029e67e6)" date="2017-02-26T11:43:31.692" >
      <step title="Collecting changeset information" date="2017-02-26T11:43:31.708" /><!-- duration: 47ms -->
      <step title="Updating submodules" date="2017-02-26T11:43:31.770" /><!-- duration: 63ms -->
      <step title="Determining deployment builder" date="2017-02-26T11:43:31.911" >
        <step title="Builder is NodeSiteBuilder" date="2017-02-26T11:43:31.979" /><!-- duration: 16ms -->
      </step><!-- duration: 84ms -->
      <step title="Copying SSH keys" date="2017-02-26T11:43:32.057" /><!-- duration: 0ms -->
      <step title="Building" date="2017-02-26T11:43:32.057" >
        <step title="Generating deployment script" date="2017-02-26T11:43:32.120" >
          <step title="Using cached version of the deployment script for command: -y --no-dot-deployment -r &quot;D:\home\site\repository&quot; -o &quot;D:\home\site\deployments\tools&quot; --node" date="2017-02-26T11:43:32.135" /><!-- duration: 16ms -->
        </step><!-- duration: 31ms -->
        <step title="Executing external process" date="2017-02-26T11:43:32.229" type="process" path="starter.cmd" arguments="&quot;D:\home\site\deployments\tools\deploy.cmd&quot;" /><!-- duration: 14805ms -->
        <step title="FunctionManager.SyncTriggers" date="2017-02-26T11:43:47.096" >
          <step title="Functions are not enabled for this site." date="2017-02-26T11:43:47.096" /><!-- duration: 16ms -->
        </step><!-- duration: 16ms -->
        <step title="Purge deployment items" date="2017-02-26T11:43:50.002" >
          <step title="Remove a52636bb9, Success, received at 2/26/2017 10:05:04 AM" date="2017-02-26T11:43:50.065" /><!-- duration: 0ms -->
        </step><!-- duration: 62ms -->
      </step><!-- duration: 18039ms -->
    </step><!-- duration: 18420ms -->
    <step title="Cleaning up temp files" date="2017-02-26T11:43:50.112" /><!-- duration: 0ms -->
    <step title="WebHooksManager.PublishEventAsync: PostDeployment" date="2017-02-26T11:43:50.143" /><!-- duration: 31ms -->
  </step><!-- duration: 24900ms -->
</step><!-- duration: 24930ms -->
