<step title="BackgroundTrace" date="2017-02-26T14:48:53.455" instance="25c8fe" url="/deploy" method="POST" >
  <step title="Performing fetch based deployment" date="2017-02-26T14:48:53.471" >
    <step title="Creating temporary deployment" date="2017-02-26T14:48:53.471" /><!-- duration: 62ms -->
    <step title="LibGit2SharpRepository Fetch" date="2017-02-26T14:48:53.846" /><!-- duration: 941ms -->
    <step title="LibGit2SharpRepository Update" date="2017-02-26T14:48:54.787" /><!-- duration: 5645ms -->
    <step title="DeploymentManager.Deploy(id:2f47fa02c3a0810bea0fa00d67225ccab8ed89b6)" date="2017-02-26T14:49:00.558" >
      <step title="Collecting changeset information" date="2017-02-26T14:49:00.558" /><!-- duration: 47ms -->
      <step title="Updating submodules" date="2017-02-26T14:49:00.620" /><!-- duration: 63ms -->
      <step title="Determining deployment builder" date="2017-02-26T14:49:00.792" >
        <step title="Builder is NodeSiteBuilder" date="2017-02-26T14:49:00.855" /><!-- duration: 0ms -->
      </step><!-- duration: 78ms -->
      <step title="Copying SSH keys" date="2017-02-26T14:49:01.042" /><!-- duration: 16ms -->
      <step title="Building" date="2017-02-26T14:49:01.058" >
        <step title="Generating deployment script" date="2017-02-26T14:49:01.120" >
          <step title="Using cached version of the deployment script for command: -y --no-dot-deployment -r &quot;D:\home\site\repository&quot; -o &quot;D:\home\site\deployments\tools&quot; --node" date="2017-02-26T14:49:01.152" /><!-- duration: 16ms -->
        </step><!-- duration: 78ms -->
        <step title="Executing external process" date="2017-02-26T14:49:01.277" type="process" path="starter.cmd" arguments="&quot;D:\home\site\deployments\tools\deploy.cmd&quot;" /><!-- duration: 15053ms -->
        <step title="FunctionManager.SyncTriggers" date="2017-02-26T14:49:16.392" >
          <step title="Functions are not enabled for this site." date="2017-02-26T14:49:16.407" /><!-- duration: 0ms -->
        </step><!-- duration: 16ms -->
        <step title="Purge deployment items" date="2017-02-26T14:49:16.892" >
          <step title="Remove 8cab8b309, Success, received at 2/26/2017 12:40:31 PM" date="2017-02-26T14:49:16.986" /><!-- duration: 0ms -->
        </step><!-- duration: 94ms -->
      </step><!-- duration: 15958ms -->
    </step><!-- duration: 16474ms -->
    <step title="Cleaning up temp files" date="2017-02-26T14:49:17.032" /><!-- duration: 0ms -->
    <step title="WebHooksManager.PublishEventAsync: PostDeployment" date="2017-02-26T14:49:17.064" /><!-- duration: 31ms -->
  </step><!-- duration: 23655ms -->
</step><!-- duration: 23687ms -->
