<step title="BackgroundTrace" date="2017-02-26T07:58:41.344" instance="25c8fe" url="/deploy" method="POST" >
  <step title="Performing fetch based deployment" date="2017-02-26T07:58:41.359" >
    <step title="Creating temporary deployment" date="2017-02-26T07:58:41.359" /><!-- duration: 47ms -->
    <step title="LibGit2SharpRepository Fetch" date="2017-02-26T07:58:41.719" /><!-- duration: 857ms -->
    <step title="LibGit2SharpRepository Update" date="2017-02-26T07:58:42.576" /><!-- duration: 2426ms -->
    <step title="DeploymentManager.Deploy(id:b026c6145afe65ef7a30ec9757ef48909eb0d6c4)" date="2017-02-26T07:58:45.064" >
      <step title="Collecting changeset information" date="2017-02-26T07:58:45.080" /><!-- duration: 47ms -->
      <step title="Updating submodules" date="2017-02-26T07:58:45.127" /><!-- duration: 94ms -->
      <step title="Determining deployment builder" date="2017-02-26T07:58:45.330" >
        <step title="Builder is NodeSiteBuilder" date="2017-02-26T07:58:45.377" /><!-- duration: 16ms -->
      </step><!-- duration: 63ms -->
      <step title="Copying SSH keys" date="2017-02-26T07:58:45.424" /><!-- duration: 0ms -->
      <step title="Building" date="2017-02-26T07:58:45.424" >
        <step title="Generating deployment script" date="2017-02-26T07:58:46.188" >
          <step title="Using cached version of the deployment script for command: -y --no-dot-deployment -r &quot;D:\home\site\repository&quot; -o &quot;D:\home\site\deployments\tools&quot; --node" date="2017-02-26T07:58:46.220" /><!-- duration: 0ms -->
        </step><!-- duration: 47ms -->
        <step title="Executing external process" date="2017-02-26T07:58:46.298" type="process" path="starter.cmd" arguments="&quot;D:\home\site\deployments\tools\deploy.cmd&quot;" /><!-- duration: 8705ms -->
        <step title="FunctionManager.SyncTriggers" date="2017-02-26T07:58:55.080" >
          <step title="Functions are not enabled for this site." date="2017-02-26T07:58:55.080" /><!-- duration: 0ms -->
        </step><!-- duration: 16ms -->
        <step title="Purge deployment items" date="2017-02-26T07:58:55.565" >
          <step title="Remove 076bc5267, Success, received at 2/26/2017 7:00:14 AM" date="2017-02-26T07:58:55.627" /><!-- duration: 16ms -->
        </step><!-- duration: 78ms -->
      </step><!-- duration: 10250ms -->
    </step><!-- duration: 10610ms -->
    <step title="Cleaning up temp files" date="2017-02-26T07:58:55.674" /><!-- duration: 16ms -->
    <step title="WebHooksManager.PublishEventAsync: PostDeployment" date="2017-02-26T07:58:55.705" /><!-- duration: 31ms -->
  </step><!-- duration: 14440ms -->
</step><!-- duration: 14471ms -->
