<step title="BackgroundTrace" date="2017-02-26T12:52:15.433" instance="25c8fe" url="/deploy" method="POST" >
  <step title="Performing fetch based deployment" date="2017-02-26T12:52:15.449" >
    <step title="Creating temporary deployment" date="2017-02-26T12:52:15.449" /><!-- duration: 63ms -->
    <step title="LibGit2SharpRepository Fetch" date="2017-02-26T12:52:15.824" /><!-- duration: 859ms -->
    <step title="LibGit2SharpRepository Update" date="2017-02-26T12:52:16.699" /><!-- duration: 6123ms -->
    <step title="DeploymentManager.Deploy(id:7786e00291b481ae38e9b90cc9658534372099aa)" date="2017-02-26T12:52:23.087" >
      <step title="Collecting changeset information" date="2017-02-26T12:52:23.087" /><!-- duration: 1266ms -->
      <step title="Updating submodules" date="2017-02-26T12:52:24.369" /><!-- duration: 2093ms -->
      <step title="Determining deployment builder" date="2017-02-26T12:52:26.743" >
        <step title="Builder is NodeSiteBuilder" date="2017-02-26T12:52:26.852" /><!-- duration: 0ms -->
      </step><!-- duration: 109ms -->
      <step title="Copying SSH keys" date="2017-02-26T12:52:26.899" /><!-- duration: 16ms -->
      <step title="Building" date="2017-02-26T12:52:26.915" >
        <step title="Generating deployment script" date="2017-02-26T12:52:26.977" >
          <step title="Using cached version of the deployment script for command: -y --no-dot-deployment -r &quot;D:\home\site\repository&quot; -o &quot;D:\home\site\deployments\tools&quot; --node" date="2017-02-26T12:52:26.993" /><!-- duration: 31ms -->
        </step><!-- duration: 62ms -->
        <step title="Executing external process" date="2017-02-26T12:52:27.118" type="process" path="starter.cmd" arguments="&quot;D:\home\site\deployments\tools\deploy.cmd&quot;" /><!-- duration: 13978ms -->
        <step title="FunctionManager.SyncTriggers" date="2017-02-26T12:52:41.158" >
          <step title="Functions are not enabled for this site." date="2017-02-26T12:52:41.158" /><!-- duration: 16ms -->
        </step><!-- duration: 16ms -->
        <step title="Purge deployment items" date="2017-02-26T12:52:41.580" >
          <step title="Remove f3f59c360, Success, received at 2/26/2017 12:17:53 PM" date="2017-02-26T12:52:41.721" /><!-- duration: 0ms -->
        </step><!-- duration: 156ms -->
      </step><!-- duration: 14884ms -->
    </step><!-- duration: 18743ms -->
    <step title="Cleaning up temp files" date="2017-02-26T12:52:41.830" /><!-- duration: 16ms -->
    <step title="WebHooksManager.PublishEventAsync: PostDeployment" date="2017-02-26T12:52:41.924" /><!-- duration: 78ms -->
  </step><!-- duration: 26694ms -->
</step><!-- duration: 26756ms -->
