<step title="BackgroundTrace" date="2017-02-26T04:38:41.031" instance="25c8fe" url="/deploy" method="POST" >
  <step title="Creating temporary deployment" date="2017-02-26T04:38:41.047" /><!-- duration: 47ms -->
  <step title="Performing fetch based deployment" date="2017-02-26T04:38:41.109" >
    <step title="LibGit2SharpRepository Fetch" date="2017-02-26T04:38:41.547" /><!-- duration: 678ms -->
    <step title="LibGit2SharpRepository Update" date="2017-02-26T04:38:42.225" /><!-- duration: 1867ms -->
    <step title="DeploymentManager.Deploy(id:c97cbb5adaec379ca3a947f9535f601f042b7424)" date="2017-02-26T04:38:44.107" >
      <step title="Collecting changeset information" date="2017-02-26T04:38:44.123" /><!-- duration: 78ms -->
      <step title="Updating submodules" date="2017-02-26T04:38:44.201" /><!-- duration: 62ms -->
      <step title="Determining deployment builder" date="2017-02-26T04:38:44.357" >
        <step title="Builder is NodeSiteBuilder" date="2017-02-26T04:38:44.420" /><!-- duration: 0ms -->
      </step><!-- duration: 78ms -->
      <step title="Copying SSH keys" date="2017-02-26T04:38:44.451" /><!-- duration: 16ms -->
      <step title="Building" date="2017-02-26T04:38:44.467" >
        <step title="Generating deployment script" date="2017-02-26T04:38:44.529" >
          <step title="Using cached version of the deployment script for command: -y --no-dot-deployment -r &quot;D:\home\site\repository&quot; -o &quot;D:\home\site\deployments\tools&quot; --node" date="2017-02-26T04:38:44.545" /><!-- duration: 0ms -->
        </step><!-- duration: 47ms -->
        <step title="Executing external process" date="2017-02-26T04:38:44.639" type="process" path="starter.cmd" arguments="&quot;D:\home\site\deployments\tools\deploy.cmd&quot;" /><!-- duration: 8352ms -->
        <step title="FunctionManager.SyncTriggers" date="2017-02-26T04:38:53.085" >
          <step title="Functions are not enabled for this site." date="2017-02-26T04:38:53.085" /><!-- duration: 16ms -->
        </step><!-- duration: 16ms -->
      </step><!-- duration: 8993ms -->
    </step><!-- duration: 9368ms -->
    <step title="Cleaning up temp files" date="2017-02-26T04:38:53.475" /><!-- duration: 0ms -->
    <step title="WebHooksManager.PublishEventAsync: PostDeployment" date="2017-02-26T04:38:53.506" /><!-- duration: 47ms -->
  </step><!-- duration: 12554ms -->
</step><!-- duration: 12647ms -->
