<step title="BackgroundTrace" date="2017-02-26T14:45:52.438" instance="25c8fe" url="/deploy" method="POST" >
  <step title="Performing fetch based deployment" date="2017-02-26T14:45:52.453" >
    <step title="Creating temporary deployment" date="2017-02-26T14:45:52.469" /><!-- duration: 47ms -->
    <step title="LibGit2SharpRepository Fetch" date="2017-02-26T14:45:52.828" /><!-- duration: 986ms -->
    <step title="LibGit2SharpRepository Update" date="2017-02-26T14:45:53.814" /><!-- duration: 6048ms -->
    <step title="DeploymentManager.Deploy(id:e4e22ae1fab1070e6fb0892c234b818fa13b0783)" date="2017-02-26T14:45:59.971" >
      <step title="Collecting changeset information" date="2017-02-26T14:46:00.002" /><!-- duration: 63ms -->
      <step title="Updating submodules" date="2017-02-26T14:46:00.080" /><!-- duration: 63ms -->
      <step title="Determining deployment builder" date="2017-02-26T14:46:00.252" >
        <step title="Builder is NodeSiteBuilder" date="2017-02-26T14:46:00.330" /><!-- duration: 0ms -->
      </step><!-- duration: 78ms -->
      <step title="Copying SSH keys" date="2017-02-26T14:46:00.361" /><!-- duration: 16ms -->
      <step title="Building" date="2017-02-26T14:46:00.377" >
        <step title="Generating deployment script" date="2017-02-26T14:46:00.440" >
          <step title="Using cached version of the deployment script for command: -y --no-dot-deployment -r &quot;D:\home\site\repository&quot; -o &quot;D:\home\site\deployments\tools&quot; --node" date="2017-02-26T14:46:00.471" /><!-- duration: 0ms -->
        </step><!-- duration: 31ms -->
        <step title="Executing external process" date="2017-02-26T14:46:00.533" type="process" path="starter.cmd" arguments="&quot;D:\home\site\deployments\tools\deploy.cmd&quot;" /><!-- duration: 15111ms -->
        <step title="FunctionManager.SyncTriggers" date="2017-02-26T14:46:15.738" >
          <step title="Functions are not enabled for this site." date="2017-02-26T14:46:15.738" /><!-- duration: 16ms -->
        </step><!-- duration: 16ms -->
        <step title="Purge deployment items" date="2017-02-26T14:46:16.504" >
          <step title="Remove f31d6ce91, Success, received at 2/26/2017 12:38:55 PM" date="2017-02-26T14:46:16.583" /><!-- duration: 16ms -->
        </step><!-- duration: 95ms -->
      </step><!-- duration: 16253ms -->
    </step><!-- duration: 16675ms -->
    <step title="Cleaning up temp files" date="2017-02-26T14:46:16.646" /><!-- duration: 16ms -->
    <step title="WebHooksManager.PublishEventAsync: PostDeployment" date="2017-02-26T14:46:16.677" /><!-- duration: 33ms -->
  </step><!-- duration: 24321ms -->
</step><!-- duration: 24352ms -->
