<step title="BackgroundTrace" date="2017-02-26T08:31:38.956" instance="25c8fe" url="/deploy" method="POST" >
  <step title="Performing fetch based deployment" date="2017-02-26T08:31:38.987" >
    <step title="Creating temporary deployment" date="2017-02-26T08:31:38.987" /><!-- duration: 62ms -->
    <step title="LibGit2SharpRepository Fetch" date="2017-02-26T08:31:39.507" /><!-- duration: 802ms -->
    <step title="LibGit2SharpRepository Update" date="2017-02-26T08:31:40.324" /><!-- duration: 2722ms -->
    <step title="DeploymentManager.Deploy(id:5a9519fe46b861e8507b5b51c29cdea72ec1e106)" date="2017-02-26T08:31:43.124" >
      <step title="Collecting changeset information" date="2017-02-26T08:31:43.140" /><!-- duration: 47ms -->
      <step title="Updating submodules" date="2017-02-26T08:31:43.202" /><!-- duration: 78ms -->
      <step title="Determining deployment builder" date="2017-02-26T08:31:43.390" >
        <step title="Builder is NodeSiteBuilder" date="2017-02-26T08:31:43.452" /><!-- duration: 0ms -->
      </step><!-- duration: 63ms -->
      <step title="Copying SSH keys" date="2017-02-26T08:31:43.484" /><!-- duration: 0ms -->
      <step title="Building" date="2017-02-26T08:31:43.499" >
        <step title="Generating deployment script" date="2017-02-26T08:31:43.546" >
          <step title="Using cached version of the deployment script for command: -y --no-dot-deployment -r &quot;D:\home\site\repository&quot; -o &quot;D:\home\site\deployments\tools&quot; --node" date="2017-02-26T08:31:43.577" /><!-- duration: 0ms -->
        </step><!-- duration: 47ms -->
        <step title="Executing external process" date="2017-02-26T08:31:43.671" type="process" path="starter.cmd" arguments="&quot;D:\home\site\deployments\tools\deploy.cmd&quot;" /><!-- duration: 9354ms -->
        <step title="FunctionManager.SyncTriggers" date="2017-02-26T08:31:53.102" >
          <step title="Functions are not enabled for this site." date="2017-02-26T08:31:53.102" /><!-- duration: 0ms -->
        </step><!-- duration: 16ms -->
        <step title="Purge deployment items" date="2017-02-26T08:31:53.649" >
          <step title="Remove 6313933de, Success, received at 2/26/2017 7:35:29 AM" date="2017-02-26T08:31:53.730" /><!-- duration: 0ms -->
        </step><!-- duration: 96ms -->
      </step><!-- duration: 10278ms -->
    </step><!-- duration: 10668ms -->
    <step title="Cleaning up temp files" date="2017-02-26T08:31:53.808" /><!-- duration: 0ms -->
    <step title="WebHooksManager.PublishEventAsync: PostDeployment" date="2017-02-26T08:31:53.839" /><!-- duration: 31ms -->
  </step><!-- duration: 14946ms -->
</step><!-- duration: 15014ms -->
