<step title="BackgroundTrace" date="2017-02-26T10:04:22.367" instance="25c8fe" url="/deploy" method="POST" >
  <step title="Performing fetch based deployment" date="2017-02-26T10:04:22.382" >
    <step title="Creating temporary deployment" date="2017-02-26T10:04:22.398" /><!-- duration: 47ms -->
    <step title="LibGit2SharpRepository Fetch" date="2017-02-26T10:04:23.273" /><!-- duration: 1662ms -->
    <step title="LibGit2SharpRepository Update" date="2017-02-26T10:04:24.950" /><!-- duration: 39313ms -->
    <step title="DeploymentManager.Deploy(id:a52636bb95267c4c5e86e6924ccd8883b73e3cec)" date="2017-02-26T10:05:04.389" >
      <step title="Collecting changeset information" date="2017-02-26T10:05:04.404" /><!-- duration: 63ms -->
      <step title="Updating submodules" date="2017-02-26T10:05:04.483" /><!-- duration: 62ms -->
      <step title="Determining deployment builder" date="2017-02-26T10:05:04.686" >
        <step title="Builder is NodeSiteBuilder" date="2017-02-26T10:05:04.764" /><!-- duration: 0ms -->
      </step><!-- duration: 78ms -->
      <step title="Copying SSH keys" date="2017-02-26T10:05:04.811" /><!-- duration: 16ms -->
      <step title="Building" date="2017-02-26T10:05:04.826" >
        <step title="Generating deployment script" date="2017-02-26T10:05:04.920" >
          <step title="Using cached version of the deployment script for command: -y --no-dot-deployment -r &quot;D:\home\site\repository&quot; -o &quot;D:\home\site\deployments\tools&quot; --node" date="2017-02-26T10:05:04.951" /><!-- duration: 0ms -->
        </step><!-- duration: 47ms -->
        <step title="Executing external process" date="2017-02-26T10:05:05.061" type="process" path="starter.cmd" arguments="&quot;D:\home\site\deployments\tools\deploy.cmd&quot;" /><!-- duration: 65203ms -->
        <step title="FunctionManager.SyncTriggers" date="2017-02-26T10:06:10.342" >
          <step title="Functions are not enabled for this site." date="2017-02-26T10:06:10.342" /><!-- duration: 16ms -->
        </step><!-- duration: 16ms -->
        <step title="Purge deployment items" date="2017-02-26T10:06:10.842" >
          <step title="Remove e1ac4c343, Success, received at 2/26/2017 8:54:41 AM" date="2017-02-26T10:06:10.920" /><!-- duration: 760ms -->
        </step><!-- duration: 843ms -->
      </step><!-- duration: 66890ms -->
    </step><!-- duration: 67343ms -->
    <step title="Cleaning up temp files" date="2017-02-26T10:06:11.732" /><!-- duration: 0ms -->
    <step title="WebHooksManager.PublishEventAsync: PostDeployment" date="2017-02-26T10:06:11.763" /><!-- duration: 16ms -->
  </step><!-- duration: 109475ms -->
  <step title="Performing fetch based deployment" date="2017-02-26T10:06:11.873" >
    <step title="LibGit2SharpRepository Fetch" date="2017-02-26T10:06:12.154" /><!-- duration: 842ms -->
    <step title="LibGit2SharpRepository Update" date="2017-02-26T10:06:12.996" /><!-- duration: 17530ms -->
    <step title="DeploymentManager.Deploy(id:a5fec0888f43551ad3a3b195a9edc44e43e98ccd)" date="2017-02-26T10:06:30.619" >
      <step title="Collecting changeset information" date="2017-02-26T10:06:30.650" /><!-- duration: 47ms -->
      <step title="Updating submodules" date="2017-02-26T10:06:30.714" /><!-- duration: 62ms -->
      <step title="Determining deployment builder" date="2017-02-26T10:06:30.869" >
        <step title="Builder is NodeSiteBuilder" date="2017-02-26T10:06:30.947" /><!-- duration: 0ms -->
      </step><!-- duration: 78ms -->
      <step title="Copying SSH keys" date="2017-02-26T10:06:31.105" /><!-- duration: 0ms -->
      <step title="Building" date="2017-02-26T10:06:31.121" >
        <step title="Generating deployment script" date="2017-02-26T10:06:31.186" >
          <step title="Using cached version of the deployment script for command: -y --no-dot-deployment -r &quot;D:\home\site\repository&quot; -o &quot;D:\home\site\deployments\tools&quot; --node" date="2017-02-26T10:06:31.217" /><!-- duration: 0ms -->
        </step><!-- duration: 47ms -->
        <step title="Executing external process" date="2017-02-26T10:06:31.327" type="process" path="starter.cmd" arguments="&quot;D:\home\site\deployments\tools\deploy.cmd&quot;" /><!-- duration: 28558ms -->
        <step title="FunctionManager.SyncTriggers" date="2017-02-26T10:07:00.025" >
          <step title="Functions are not enabled for this site." date="2017-02-26T10:07:00.041" /><!-- duration: 0ms -->
        </step><!-- duration: 31ms -->
        <step title="Purge deployment items" date="2017-02-26T10:07:00.621" >
          <step title="Remove 6a1b04b80, Success, received at 2/26/2017 8:57:24 AM" date="2017-02-26T10:07:07.965" /><!-- duration: 16ms -->
        </step><!-- duration: 7375ms -->
      </step><!-- duration: 36937ms -->
    </step><!-- duration: 37471ms -->
    <step title="Cleaning up temp files" date="2017-02-26T10:07:08.090" /><!-- duration: 16ms -->
    <step title="WebHooksManager.PublishEventAsync: PostDeployment" date="2017-02-26T10:07:08.183" /><!-- duration: 63ms -->
  </step><!-- duration: 56467ms -->
</step><!-- duration: 166004ms -->
