<step title="BackgroundTrace" date="2017-02-26T12:40:24.610" instance="25c8fe" url="/deploy" method="POST" >
  <step title="Performing fetch based deployment" date="2017-02-26T12:40:24.626" >
    <step title="Creating temporary deployment" date="2017-02-26T12:40:24.626" /><!-- duration: 78ms -->
    <step title="LibGit2SharpRepository Fetch" date="2017-02-26T12:40:25.036" /><!-- duration: 802ms -->
    <step title="LibGit2SharpRepository Update" date="2017-02-26T12:40:25.838" /><!-- duration: 5366ms -->
    <step title="DeploymentManager.Deploy(id:8cab8b309e7751c69e71d0e22278bc0116029fc1)" date="2017-02-26T12:40:31.313" >
      <step title="Collecting changeset information" date="2017-02-26T12:40:31.313" /><!-- duration: 62ms -->
      <step title="Updating submodules" date="2017-02-26T12:40:31.376" /><!-- duration: 63ms -->
      <step title="Determining deployment builder" date="2017-02-26T12:40:31.548" >
        <step title="Builder is NodeSiteBuilder" date="2017-02-26T12:40:31.642" /><!-- duration: 0ms -->
      </step><!-- duration: 94ms -->
      <step title="Copying SSH keys" date="2017-02-26T12:40:31.789" /><!-- duration: 16ms -->
      <step title="Building" date="2017-02-26T12:40:31.804" >
        <step title="Generating deployment script" date="2017-02-26T12:40:31.867" >
          <step title="Using cached version of the deployment script for command: -y --no-dot-deployment -r &quot;D:\home\site\repository&quot; -o &quot;D:\home\site\deployments\tools&quot; --node" date="2017-02-26T12:40:31.898" /><!-- duration: 0ms -->
        </step><!-- duration: 47ms -->
        <step title="Executing external process" date="2017-02-26T12:40:31.976" type="process" path="starter.cmd" arguments="&quot;D:\home\site\deployments\tools\deploy.cmd&quot;" /><!-- duration: 14683ms -->
        <step title="FunctionManager.SyncTriggers" date="2017-02-26T12:40:46.737" >
          <step title="Functions are not enabled for this site." date="2017-02-26T12:40:46.737" /><!-- duration: 0ms -->
        </step><!-- duration: 16ms -->
        <step title="Purge deployment items" date="2017-02-26T12:40:47.222" >
          <step title="Remove 326108440, Success, received at 2/26/2017 11:39:28 AM" date="2017-02-26T12:40:47.316" /><!-- duration: 0ms -->
        </step><!-- duration: 94ms -->
      </step><!-- duration: 15543ms -->
    </step><!-- duration: 16034ms -->
    <step title="Cleaning up temp files" date="2017-02-26T12:40:47.362" /><!-- duration: 0ms -->
    <step title="WebHooksManager.PublishEventAsync: PostDeployment" date="2017-02-26T12:40:47.394" /><!-- duration: 31ms -->
  </step><!-- duration: 22862ms -->
</step><!-- duration: 22893ms -->
