<step title="BackgroundTrace" date="2017-02-26T11:27:50.861" instance="25c8fe" url="/deploy" method="POST" >
  <step title="Performing fetch based deployment" date="2017-02-26T11:27:50.876" >
    <step title="Creating temporary deployment" date="2017-02-26T11:27:50.892" /><!-- duration: 63ms -->
    <step title="LibGit2SharpRepository Fetch" date="2017-02-26T11:27:51.330" /><!-- duration: 911ms -->
    <step title="LibGit2SharpRepository Update" date="2017-02-26T11:27:52.256" /><!-- duration: 4898ms -->
    <step title="DeploymentManager.Deploy(id:a57b00beca1fa9d9f38a61eda40c74b5ef31ddb9)" date="2017-02-26T11:27:57.434" >
      <step title="Collecting changeset information" date="2017-02-26T11:27:57.466" /><!-- duration: 484ms -->
      <step title="Updating submodules" date="2017-02-26T11:27:57.966" /><!-- duration: 47ms -->
      <step title="Determining deployment builder" date="2017-02-26T11:27:58.122" >
        <step title="Builder is NodeSiteBuilder" date="2017-02-26T11:27:58.216" /><!-- duration: 0ms -->
      </step><!-- duration: 109ms -->
      <step title="Copying SSH keys" date="2017-02-26T11:27:58.263" /><!-- duration: 0ms -->
      <step title="Building" date="2017-02-26T11:27:58.263" >
        <step title="Generating deployment script" date="2017-02-26T11:27:58.325" >
          <step title="Using cached version of the deployment script for command: -y --no-dot-deployment -r &quot;D:\home\site\repository&quot; -o &quot;D:\home\site\deployments\tools&quot; --node" date="2017-02-26T11:27:58.356" /><!-- duration: 0ms -->
        </step><!-- duration: 31ms -->
        <step title="Executing external process" date="2017-02-26T11:27:58.434" type="process" path="starter.cmd" arguments="&quot;D:\home\site\deployments\tools\deploy.cmd&quot;" /><!-- duration: 14045ms -->
        <step title="FunctionManager.SyncTriggers" date="2017-02-26T11:28:12.558" >
          <step title="Functions are not enabled for this site." date="2017-02-26T11:28:12.558" /><!-- duration: 16ms -->
        </step><!-- duration: 16ms -->
        <step title="Purge deployment items" date="2017-02-26T11:28:13.033" >
          <step title="Remove 55ca6d016, Success, received at 2/26/2017 9:18:51 AM" date="2017-02-26T11:28:13.111" /><!-- duration: 0ms -->
        </step><!-- duration: 78ms -->
      </step><!-- duration: 14880ms -->
    </step><!-- duration: 15723ms -->
    <step title="Cleaning up temp files" date="2017-02-26T11:28:13.158" /><!-- duration: 16ms -->
    <step title="WebHooksManager.PublishEventAsync: PostDeployment" date="2017-02-26T11:28:13.189" /><!-- duration: 47ms -->
  </step><!-- duration: 22469ms -->
</step><!-- duration: 22500ms -->
