<step title="BackgroundTrace" date="2017-02-26T06:16:35.886" instance="25c8fe" url="/deploy" method="POST" >
  <step title="Performing fetch based deployment" date="2017-02-26T06:16:35.902" >
    <step title="Creating temporary deployment" date="2017-02-26T06:16:35.917" /><!-- duration: 48ms -->
    <step title="LibGit2SharpRepository Fetch" date="2017-02-26T06:16:36.424" /><!-- duration: 638ms -->
    <step title="LibGit2SharpRepository Update" date="2017-02-26T06:16:37.062" /><!-- duration: 2799ms -->
    <step title="DeploymentManager.Deploy(id:eddf268c89d12b339e09b5f9ae9a7ee0da14c3ab)" date="2017-02-26T06:16:39.909" >
      <step title="Collecting changeset information" date="2017-02-26T06:16:39.924" /><!-- duration: 79ms -->
      <step title="Updating submodules" date="2017-02-26T06:16:40.003" /><!-- duration: 79ms -->
      <step title="Determining deployment builder" date="2017-02-26T06:16:40.213" >
        <step title="Builder is NodeSiteBuilder" date="2017-02-26T06:16:40.278" /><!-- duration: 0ms -->
      </step><!-- duration: 65ms -->
      <step title="Copying SSH keys" date="2017-02-26T06:16:40.325" /><!-- duration: 0ms -->
      <step title="Building" date="2017-02-26T06:16:40.325" >
        <step title="Generating deployment script" date="2017-02-26T06:16:40.403" >
          <step title="Using cached version of the deployment script for command: -y --no-dot-deployment -r &quot;D:\home\site\repository&quot; -o &quot;D:\home\site\deployments\tools&quot; --node" date="2017-02-26T06:16:40.418" /><!-- duration: 47ms -->
        </step><!-- duration: 63ms -->
        <step title="Executing external process" date="2017-02-26T06:16:40.543" type="process" path="starter.cmd" arguments="&quot;D:\home\site\deployments\tools\deploy.cmd&quot;" /><!-- duration: 8336ms -->
        <step title="FunctionManager.SyncTriggers" date="2017-02-26T06:16:48.957" >
          <step title="Functions are not enabled for this site." date="2017-02-26T06:16:48.957" /><!-- duration: 16ms -->
        </step><!-- duration: 16ms -->
        <step title="Purge deployment items" date="2017-02-26T06:16:49.521" >
          <step title="Remove d5d7eedbd, Success, received at 2/26/2017 1:22:22 AM" date="2017-02-26T06:16:49.601" /><!-- duration: 0ms -->
        </step><!-- duration: 79ms -->
      </step><!-- duration: 9307ms -->
    </step><!-- duration: 9723ms -->
    <step title="Cleaning up temp files" date="2017-02-26T06:16:49.648" /><!-- duration: 0ms -->
    <step title="WebHooksManager.PublishEventAsync: PostDeployment" date="2017-02-26T06:16:49.685" /><!-- duration: 31ms -->
  </step><!-- duration: 13911ms -->
</step><!-- duration: 13958ms -->
