<step title="BackgroundTrace" date="2017-02-26T05:41:18.336" instance="25c8fe" url="/deploy" method="POST" >
  <step title="Performing fetch based deployment" date="2017-02-26T05:41:18.352" >
    <step title="Creating temporary deployment" date="2017-02-26T05:41:18.352" /><!-- duration: 664ms -->
    <step title="LibGit2SharpRepository Fetch" date="2017-02-26T05:41:19.376" /><!-- duration: 555ms -->
    <step title="LibGit2SharpRepository Update" date="2017-02-26T05:41:19.931" /><!-- duration: 3323ms -->
    <step title="DeploymentManager.Deploy(id:cbf55ce5bc27ac4f1ddbabeebe5d7ccb3f0a662b)" date="2017-02-26T05:41:23.317" >
      <step title="Collecting changeset information" date="2017-02-26T05:41:23.332" /><!-- duration: 47ms -->
      <step title="Updating submodules" date="2017-02-26T05:41:23.395" /><!-- duration: 63ms -->
      <step title="Determining deployment builder" date="2017-02-26T05:41:23.613" >
        <step title="Builder is NodeSiteBuilder" date="2017-02-26T05:41:23.660" /><!-- duration: 16ms -->
      </step><!-- duration: 62ms -->
      <step title="Copying SSH keys" date="2017-02-26T05:41:23.707" /><!-- duration: 16ms -->
      <step title="Building" date="2017-02-26T05:41:23.723" >
        <step title="Generating deployment script" date="2017-02-26T05:41:23.785" >
          <step title="Using cached version of the deployment script for command: -y --no-dot-deployment -r &quot;D:\home\site\repository&quot; -o &quot;D:\home\site\deployments\tools&quot; --node" date="2017-02-26T05:41:23.817" /><!-- duration: 0ms -->
        </step><!-- duration: 47ms -->
        <step title="Executing external process" date="2017-02-26T05:41:23.910" type="process" path="starter.cmd" arguments="&quot;D:\home\site\deployments\tools\deploy.cmd&quot;" /><!-- duration: 9117ms -->
        <step title="FunctionManager.SyncTriggers" date="2017-02-26T05:41:33.106" >
          <step title="Functions are not enabled for this site." date="2017-02-26T05:41:33.124" /><!-- duration: 0ms -->
        </step><!-- duration: 30ms -->
      </step><!-- duration: 9835ms -->
    </step><!-- duration: 10257ms -->
    <step title="Cleaning up temp files" date="2017-02-26T05:41:33.589" /><!-- duration: 0ms -->
    <step title="WebHooksManager.PublishEventAsync: PostDeployment" date="2017-02-26T05:41:33.621" /><!-- duration: 31ms -->
  </step><!-- duration: 15378ms -->
</step><!-- duration: 15456ms -->
