<step title="BackgroundTrace" date="2017-02-26T10:22:30.586" instance="25c8fe" url="/deploy" method="POST" >
  <step title="Performing fetch based deployment" date="2017-02-26T10:22:30.602" >
    <step title="Creating temporary deployment" date="2017-02-26T10:22:30.602" /><!-- duration: 48ms -->
    <step title="LibGit2SharpRepository Fetch" date="2017-02-26T10:22:30.978" /><!-- duration: 839ms -->
    <step title="LibGit2SharpRepository Update" date="2017-02-26T10:22:31.817" /><!-- duration: 5244ms -->
    <step title="DeploymentManager.Deploy(id:e5ad188b8a92292aed2a1094c45d0882ce381cc2)" date="2017-02-26T10:22:37.185" >
      <step title="Collecting changeset information" date="2017-02-26T10:22:37.201" /><!-- duration: 63ms -->
      <step title="Updating submodules" date="2017-02-26T10:22:37.264" /><!-- duration: 63ms -->
      <step title="Determining deployment builder" date="2017-02-26T10:22:37.451" >
        <step title="Builder is NodeSiteBuilder" date="2017-02-26T10:22:37.529" /><!-- duration: 0ms -->
      </step><!-- duration: 78ms -->
      <step title="Copying SSH keys" date="2017-02-26T10:22:37.721" /><!-- duration: 0ms -->
      <step title="Building" date="2017-02-26T10:22:37.737" >
        <step title="Generating deployment script" date="2017-02-26T10:22:37.800" >
          <step title="Using cached version of the deployment script for command: -y --no-dot-deployment -r &quot;D:\home\site\repository&quot; -o &quot;D:\home\site\deployments\tools&quot; --node" date="2017-02-26T10:22:37.831" /><!-- duration: 0ms -->
        </step><!-- duration: 47ms -->
        <step title="Executing external process" date="2017-02-26T10:22:37.909" type="process" path="starter.cmd" arguments="&quot;D:\home\site\deployments\tools\deploy.cmd&quot;" /><!-- duration: 13826ms -->
        <step title="FunctionManager.SyncTriggers" date="2017-02-26T10:22:51.814" >
          <step title="Functions are not enabled for this site." date="2017-02-26T10:22:51.829" /><!-- duration: 0ms -->
        </step><!-- duration: 31ms -->
        <step title="Purge deployment items" date="2017-02-26T10:22:52.397" >
          <step title="Remove 0402d5d80, Success, received at 2/26/2017 9:07:41 AM" date="2017-02-26T10:22:52.476" /><!-- duration: 0ms -->
        </step><!-- duration: 94ms -->
      </step><!-- duration: 14770ms -->
    </step><!-- duration: 15337ms -->
    <step title="Cleaning up temp files" date="2017-02-26T10:22:52.522" /><!-- duration: 16ms -->
    <step title="WebHooksManager.PublishEventAsync: PostDeployment" date="2017-02-26T10:22:52.569" /><!-- duration: 16ms -->
  </step><!-- duration: 22062ms -->
</step><!-- duration: 22108ms -->
