<step title="BackgroundTrace" date="2017-02-26T12:49:38.007" instance="25c8fe" url="/deploy" method="POST" >
  <step title="Performing fetch based deployment" date="2017-02-26T12:49:38.022" >
    <step title="Creating temporary deployment" date="2017-02-26T12:49:38.038" /><!-- duration: 47ms -->
    <step title="LibGit2SharpRepository Fetch" date="2017-02-26T12:49:38.382" /><!-- duration: 915ms -->
    <step title="LibGit2SharpRepository Update" date="2017-02-26T12:49:39.297" /><!-- duration: 4764ms -->
    <step title="DeploymentManager.Deploy(id:4cf0c74fb1fc9067d68b5b5b1b3e3cb8b903aeff)" date="2017-02-26T12:49:44.170" >
      <step title="Collecting changeset information" date="2017-02-26T12:49:44.186" /><!-- duration: 47ms -->
      <step title="Updating submodules" date="2017-02-26T12:49:44.248" /><!-- duration: 63ms -->
      <step title="Determining deployment builder" date="2017-02-26T12:49:44.420" >
        <step title="Builder is NodeSiteBuilder" date="2017-02-26T12:49:44.498" /><!-- duration: 0ms -->
      </step><!-- duration: 78ms -->
      <step title="Copying SSH keys" date="2017-02-26T12:49:44.529" /><!-- duration: 0ms -->
      <step title="Building" date="2017-02-26T12:49:44.529" >
        <step title="Generating deployment script" date="2017-02-26T12:49:44.576" >
          <step title="Using cached version of the deployment script for command: -y --no-dot-deployment -r &quot;D:\home\site\repository&quot; -o &quot;D:\home\site\deployments\tools&quot; --node" date="2017-02-26T12:49:44.608" /><!-- duration: 16ms -->
        </step><!-- duration: 47ms -->
        <step title="Executing external process" date="2017-02-26T12:49:44.686" type="process" path="starter.cmd" arguments="&quot;D:\home\site\deployments\tools\deploy.cmd&quot;" /><!-- duration: 17026ms -->
        <step title="FunctionManager.SyncTriggers" date="2017-02-26T12:50:01.841" >
          <step title="Functions are not enabled for this site." date="2017-02-26T12:50:01.841" /><!-- duration: 17ms -->
        </step><!-- duration: 31ms -->
        <step title="Purge deployment items" date="2017-02-26T12:50:02.328" >
          <step title="Remove 1d7e4752d, Success, received at 2/26/2017 12:17:00 PM" date="2017-02-26T12:50:02.437" /><!-- duration: 16ms -->
        </step><!-- duration: 125ms -->
      </step><!-- duration: 17954ms -->
    </step><!-- duration: 18329ms -->
    <step title="Cleaning up temp files" date="2017-02-26T12:50:02.499" /><!-- duration: 16ms -->
    <step title="WebHooksManager.PublishEventAsync: PostDeployment" date="2017-02-26T12:50:02.548" /><!-- duration: 16ms -->
  </step><!-- duration: 24574ms -->
</step><!-- duration: 24605ms -->
