<step title="BackgroundTrace" date="2017-02-26T06:41:02.489" instance="25c8fe" url="/deploy" method="POST" >
  <step title="Performing fetch based deployment" date="2017-02-26T06:41:02.489" >
    <step title="Creating temporary deployment" date="2017-02-26T06:41:02.505" /><!-- duration: 47ms -->
    <step title="LibGit2SharpRepository Fetch" date="2017-02-26T06:41:02.979" /><!-- duration: 752ms -->
    <step title="LibGit2SharpRepository Update" date="2017-02-26T06:41:03.731" /><!-- duration: 3509ms -->
    <step title="DeploymentManager.Deploy(id:ad8ec84b59154dfa82b2413217f2d21ea837aa7d)" date="2017-02-26T06:41:07.302" >
      <step title="Collecting changeset information" date="2017-02-26T06:41:07.302" /><!-- duration: 109ms -->
      <step title="Updating submodules" date="2017-02-26T06:41:07.412" /><!-- duration: 94ms -->
      <step title="Determining deployment builder" date="2017-02-26T06:41:07.662" >
        <step title="Builder is NodeSiteBuilder" date="2017-02-26T06:41:07.709" /><!-- duration: 0ms -->
      </step><!-- duration: 63ms -->
      <step title="Copying SSH keys" date="2017-02-26T06:41:07.822" /><!-- duration: 17ms -->
      <step title="Building" date="2017-02-26T06:41:07.853" >
        <step title="Generating deployment script" date="2017-02-26T06:41:07.921" >
          <step title="Using cached version of the deployment script for command: -y --no-dot-deployment -r &quot;D:\home\site\repository&quot; -o &quot;D:\home\site\deployments\tools&quot; --node" date="2017-02-26T06:41:07.952" /><!-- duration: 0ms -->
        </step><!-- duration: 47ms -->
        <step title="Executing external process" date="2017-02-26T06:41:08.034" type="process" path="starter.cmd" arguments="&quot;D:\home\site\deployments\tools\deploy.cmd&quot;" /><!-- duration: 8997ms -->
        <step title="FunctionManager.SyncTriggers" date="2017-02-26T06:41:17.109" >
          <step title="Functions are not enabled for this site." date="2017-02-26T06:41:17.124" /><!-- duration: 0ms -->
        </step><!-- duration: 16ms -->
        <step title="Purge deployment items" date="2017-02-26T06:41:17.718" >
          <step title="Remove c97cbb5ad, Success, received at 2/26/2017 4:38:44 AM" date="2017-02-26T06:41:17.796" /><!-- duration: 16ms -->
        </step><!-- duration: 94ms -->
      </step><!-- duration: 9990ms -->
    </step><!-- duration: 10556ms -->
    <step title="Cleaning up temp files" date="2017-02-26T06:41:17.859" /><!-- duration: 16ms -->
    <step title="WebHooksManager.PublishEventAsync: PostDeployment" date="2017-02-26T06:41:17.906" /><!-- duration: 31ms -->
  </step><!-- duration: 15525ms -->
</step><!-- duration: 15557ms -->
