<step title="BackgroundTrace" date="2017-02-26T11:16:31.883" instance="25c8fe" url="/deploy" method="POST" >
  <step title="Performing fetch based deployment" date="2017-02-26T11:16:31.914" >
    <step title="Creating temporary deployment" date="2017-02-26T11:16:31.961" /><!-- duration: 31ms -->
    <step title="LibGit2SharpRepository Fetch" date="2017-02-26T11:16:32.383" /><!-- duration: 1134ms -->
    <step title="LibGit2SharpRepository Update" date="2017-02-26T11:16:33.517" /><!-- duration: 10015ms -->
    <step title="DeploymentManager.Deploy(id:61229d49aed41da48d47f7fcccd4ac1317aa0b1d)" date="2017-02-26T11:16:43.625" >
      <step title="Collecting changeset information" date="2017-02-26T11:16:43.625" /><!-- duration: 94ms -->
      <step title="Updating submodules" date="2017-02-26T11:16:43.735" /><!-- duration: 50ms -->
      <step title="Determining deployment builder" date="2017-02-26T11:16:43.879" >
        <step title="Builder is NodeSiteBuilder" date="2017-02-26T11:16:43.988" /><!-- duration: 16ms -->
      </step><!-- duration: 125ms -->
      <step title="Copying SSH keys" date="2017-02-26T11:16:44.035" /><!-- duration: 0ms -->
      <step title="Building" date="2017-02-26T11:16:44.035" >
        <step title="Generating deployment script" date="2017-02-26T11:16:44.098" >
          <step title="Using cached version of the deployment script for command: -y --no-dot-deployment -r &quot;D:\home\site\repository&quot; -o &quot;D:\home\site\deployments\tools&quot; --node" date="2017-02-26T11:16:44.129" /><!-- duration: 0ms -->
        </step><!-- duration: 47ms -->
        <step title="Executing external process" date="2017-02-26T11:16:44.223" type="process" path="starter.cmd" arguments="&quot;D:\home\site\deployments\tools\deploy.cmd&quot;" /><!-- duration: 22741ms -->
        <step title="FunctionManager.SyncTriggers" date="2017-02-26T11:17:07.042" >
          <step title="Functions are not enabled for this site." date="2017-02-26T11:17:07.042" /><!-- duration: 16ms -->
        </step><!-- duration: 16ms -->
        <step title="Purge deployment items" date="2017-02-26T11:17:07.560" >
          <step title="Remove 2c4c2c4be, Success, received at 2/26/2017 9:12:46 AM" date="2017-02-26T11:17:07.654" /><!-- duration: 0ms -->
        </step><!-- duration: 109ms -->
      </step><!-- duration: 23669ms -->
    </step><!-- duration: 24091ms -->
    <step title="Cleaning up temp files" date="2017-02-26T11:17:07.716" /><!-- duration: 16ms -->
    <step title="WebHooksManager.PublishEventAsync: PostDeployment" date="2017-02-26T11:17:07.763" /><!-- duration: 47ms -->
  </step><!-- duration: 35973ms -->
</step><!-- duration: 36020ms -->
