<step title="BackgroundTrace" date="2017-02-26T06:34:59.659" instance="25c8fe" url="/deploy" method="POST" >
  <step title="Performing fetch based deployment" date="2017-02-26T06:34:59.674" >
    <step title="Creating temporary deployment" date="2017-02-26T06:34:59.674" /><!-- duration: 47ms -->
    <step title="LibGit2SharpRepository Fetch" date="2017-02-26T06:35:00.018" /><!-- duration: 797ms -->
    <step title="LibGit2SharpRepository Update" date="2017-02-26T06:35:00.815" /><!-- duration: 2818ms -->
    <step title="DeploymentManager.Deploy(id:6c1c69cc5a04339aefc72e92256c455da57c4e29)" date="2017-02-26T06:35:03.701" >
      <step title="Collecting changeset information" date="2017-02-26T06:35:03.734" /><!-- duration: 63ms -->
      <step title="Updating submodules" date="2017-02-26T06:35:03.812" /><!-- duration: 64ms -->
      <step title="Determining deployment builder" date="2017-02-26T06:35:04.000" >
        <step title="Builder is NodeSiteBuilder" date="2017-02-26T06:35:04.047" /><!-- duration: 0ms -->
      </step><!-- duration: 47ms -->
      <step title="Copying SSH keys" date="2017-02-26T06:35:04.110" /><!-- duration: 0ms -->
      <step title="Building" date="2017-02-26T06:35:04.125" >
        <step title="Generating deployment script" date="2017-02-26T06:35:04.219" >
          <step title="Using cached version of the deployment script for command: -y --no-dot-deployment -r &quot;D:\home\site\repository&quot; -o &quot;D:\home\site\deployments\tools&quot; --node" date="2017-02-26T06:35:04.250" /><!-- duration: 47ms -->
        </step><!-- duration: 94ms -->
        <step title="Executing external process" date="2017-02-26T06:35:04.406" type="process" path="starter.cmd" arguments="&quot;D:\home\site\deployments\tools\deploy.cmd&quot;" /><!-- duration: 9484ms -->
        <step title="FunctionManager.SyncTriggers" date="2017-02-26T06:35:13.969" >
          <step title="Functions are not enabled for this site." date="2017-02-26T06:35:13.969" /><!-- duration: 0ms -->
        </step><!-- duration: 0ms -->
        <step title="Purge deployment items" date="2017-02-26T06:35:14.438" >
          <step title="Remove 750c79970, Success, received at 2/26/2017 1:36:16 AM" date="2017-02-26T06:35:14.531" /><!-- duration: 0ms -->
        </step><!-- duration: 94ms -->
      </step><!-- duration: 10437ms -->
    </step><!-- duration: 10878ms -->
    <step title="Cleaning up temp files" date="2017-02-26T06:35:14.578" /><!-- duration: 0ms -->
    <step title="WebHooksManager.PublishEventAsync: PostDeployment" date="2017-02-26T06:35:14.609" /><!-- duration: 16ms -->
  </step><!-- duration: 15013ms -->
</step><!-- duration: 15044ms -->
