<step title="BackgroundTrace" date="2017-02-26T08:46:23.506" instance="25c8fe" url="/deploy" method="POST" >
  <step title="Performing fetch based deployment" date="2017-02-26T08:46:23.522" >
    <step title="Creating temporary deployment" date="2017-02-26T08:46:23.522" /><!-- duration: 94ms -->
    <step title="LibGit2SharpRepository Fetch" date="2017-02-26T08:46:24.007" /><!-- duration: 806ms -->
    <step title="LibGit2SharpRepository Update" date="2017-02-26T08:46:24.828" /><!-- duration: 2762ms -->
    <step title="DeploymentManager.Deploy(id:df8e56ba7862adf38ac373d2cdbde26ef533bd6c)" date="2017-02-26T08:46:27.672" >
      <step title="Collecting changeset information" date="2017-02-26T08:46:27.687" /><!-- duration: 47ms -->
      <step title="Updating submodules" date="2017-02-26T08:46:27.734" /><!-- duration: 63ms -->
      <step title="Determining deployment builder" date="2017-02-26T08:46:27.906" >
        <step title="Builder is NodeSiteBuilder" date="2017-02-26T08:46:27.953" /><!-- duration: 0ms -->
      </step><!-- duration: 63ms -->
      <step title="Copying SSH keys" date="2017-02-26T08:46:27.984" /><!-- duration: 16ms -->
      <step title="Building" date="2017-02-26T08:46:28.000" >
        <step title="Generating deployment script" date="2017-02-26T08:46:28.062" >
          <step title="Using cached version of the deployment script for command: -y --no-dot-deployment -r &quot;D:\home\site\repository&quot; -o &quot;D:\home\site\deployments\tools&quot; --node" date="2017-02-26T08:46:28.078" /><!-- duration: 0ms -->
        </step><!-- duration: 31ms -->
        <step title="Executing external process" date="2017-02-26T08:46:28.156" type="process" path="starter.cmd" arguments="&quot;D:\home\site\deployments\tools\deploy.cmd&quot;" /><!-- duration: 9330ms -->
        <step title="FunctionManager.SyncTriggers" date="2017-02-26T08:46:37.564" >
          <step title="Functions are not enabled for this site." date="2017-02-26T08:46:37.564" /><!-- duration: 0ms -->
        </step><!-- duration: 16ms -->
        <step title="Purge deployment items" date="2017-02-26T08:46:38.194" >
          <step title="Remove 3ad3e2b65, Success, received at 2/26/2017 7:53:17 AM" date="2017-02-26T08:46:38.272" /><!-- duration: 17ms -->
        </step><!-- duration: 95ms -->
      </step><!-- duration: 10319ms -->
    </step><!-- duration: 10647ms -->
    <step title="Cleaning up temp files" date="2017-02-26T08:46:38.334" /><!-- duration: 16ms -->
    <step title="WebHooksManager.PublishEventAsync: PostDeployment" date="2017-02-26T08:46:38.366" /><!-- duration: 16ms -->
  </step><!-- duration: 14922ms -->
</step><!-- duration: 14953ms -->
