<step title="BackgroundTrace" date="2017-02-26T08:54:37.254" instance="25c8fe" url="/deploy" method="POST" >
  <step title="Performing fetch based deployment" date="2017-02-26T08:54:37.269" >
    <step title="Creating temporary deployment" date="2017-02-26T08:54:37.269" /><!-- duration: 62ms -->
    <step title="LibGit2SharpRepository Fetch" date="2017-02-26T08:54:37.707" /><!-- duration: 775ms -->
    <step title="LibGit2SharpRepository Update" date="2017-02-26T08:54:38.497" /><!-- duration: 2795ms -->
    <step title="DeploymentManager.Deploy(id:e1ac4c3439449fbcfe6edf0291cfd62856cf1251)" date="2017-02-26T08:54:41.370" >
      <step title="Collecting changeset information" date="2017-02-26T08:54:41.386" /><!-- duration: 47ms -->
      <step title="Updating submodules" date="2017-02-26T08:54:41.448" /><!-- duration: 62ms -->
      <step title="Determining deployment builder" date="2017-02-26T08:54:41.605" >
        <step title="Builder is NodeSiteBuilder" date="2017-02-26T08:54:41.651" /><!-- duration: 16ms -->
      </step><!-- duration: 63ms -->
      <step title="Copying SSH keys" date="2017-02-26T08:54:41.698" /><!-- duration: 47ms -->
      <step title="Building" date="2017-02-26T08:54:41.745" >
        <step title="Generating deployment script" date="2017-02-26T08:54:41.792" >
          <step title="Using cached version of the deployment script for command: -y --no-dot-deployment -r &quot;D:\home\site\repository&quot; -o &quot;D:\home\site\deployments\tools&quot; --node" date="2017-02-26T08:54:41.823" /><!-- duration: 0ms -->
        </step><!-- duration: 47ms -->
        <step title="Executing external process" date="2017-02-26T08:54:41.901" type="process" path="starter.cmd" arguments="&quot;D:\home\site\deployments\tools\deploy.cmd&quot;" /><!-- duration: 8782ms -->
        <step title="FunctionManager.SyncTriggers" date="2017-02-26T08:54:50.762" >
          <step title="Functions are not enabled for this site." date="2017-02-26T08:54:50.762" /><!-- duration: 0ms -->
        </step><!-- duration: 16ms -->
        <step title="Purge deployment items" date="2017-02-26T08:54:51.278" >
          <step title="Remove 434c5b5f1, Success, received at 2/26/2017 8:04:38 AM" date="2017-02-26T08:54:51.407" /><!-- duration: 16ms -->
        </step><!-- duration: 146ms -->
      </step><!-- duration: 9724ms -->
    </step><!-- duration: 10099ms -->
    <step title="Cleaning up temp files" date="2017-02-26T08:54:51.485" /><!-- duration: 0ms -->
    <step title="WebHooksManager.PublishEventAsync: PostDeployment" date="2017-02-26T08:54:51.501" /><!-- duration: 31ms -->
  </step><!-- duration: 14342ms -->
</step><!-- duration: 14373ms -->
