<step title="BackgroundTrace" date="2017-02-26T08:43:45.766" instance="25c8fe" url="/deploy" method="POST" >
  <step title="Performing fetch based deployment" date="2017-02-26T08:43:45.803" >
    <step title="Creating temporary deployment" date="2017-02-26T08:43:45.803" /><!-- duration: 78ms -->
    <step title="LibGit2SharpRepository Fetch" date="2017-02-26T08:43:46.194" /><!-- duration: 721ms -->
    <step title="LibGit2SharpRepository Update" date="2017-02-26T08:43:46.930" /><!-- duration: 2972ms -->
    <step title="DeploymentManager.Deploy(id:c61c52354c5639733e51cb0a1b05c7b160e5bd0d)" date="2017-02-26T08:43:49.980" >
      <step title="Collecting changeset information" date="2017-02-26T08:43:49.996" /><!-- duration: 47ms -->
      <step title="Updating submodules" date="2017-02-26T08:43:50.058" /><!-- duration: 62ms -->
      <step title="Determining deployment builder" date="2017-02-26T08:43:50.261" >
        <step title="Builder is NodeSiteBuilder" date="2017-02-26T08:43:50.308" /><!-- duration: 0ms -->
      </step><!-- duration: 47ms -->
      <step title="Copying SSH keys" date="2017-02-26T08:43:50.339" /><!-- duration: 16ms -->
      <step title="Building" date="2017-02-26T08:43:50.355" >
        <step title="Generating deployment script" date="2017-02-26T08:43:50.464" >
          <step title="Using cached version of the deployment script for command: -y --no-dot-deployment -r &quot;D:\home\site\repository&quot; -o &quot;D:\home\site\deployments\tools&quot; --node" date="2017-02-26T08:43:50.496" /><!-- duration: 0ms -->
        </step><!-- duration: 47ms -->
        <step title="Executing external process" date="2017-02-26T08:43:50.574" type="process" path="starter.cmd" arguments="&quot;D:\home\site\deployments\tools\deploy.cmd&quot;" /><!-- duration: 9147ms -->
        <step title="FunctionManager.SyncTriggers" date="2017-02-26T08:43:59.799" >
          <step title="Functions are not enabled for this site." date="2017-02-26T08:43:59.799" /><!-- duration: 0ms -->
        </step><!-- duration: 16ms -->
        <step title="Purge deployment items" date="2017-02-26T08:44:00.252" >
          <step title="Remove 689e374ae, Success, received at 2/26/2017 7:49:40 AM" date="2017-02-26T08:44:00.330" /><!-- duration: 0ms -->
        </step><!-- duration: 78ms -->
      </step><!-- duration: 10006ms -->
    </step><!-- duration: 10397ms -->
    <step title="Cleaning up temp files" date="2017-02-26T08:44:00.377" /><!-- duration: 0ms -->
    <step title="WebHooksManager.PublishEventAsync: PostDeployment" date="2017-02-26T08:44:00.408" /><!-- duration: 31ms -->
  </step><!-- duration: 14683ms -->
</step><!-- duration: 14736ms -->
