<step title="BackgroundTrace" date="2017-02-26T12:43:36.674" instance="25c8fe" url="/deploy" method="POST" >
  <step title="Performing fetch based deployment" date="2017-02-26T12:43:36.689" >
    <step title="Creating temporary deployment" date="2017-02-26T12:43:36.705" /><!-- duration: 63ms -->
    <step title="LibGit2SharpRepository Fetch" date="2017-02-26T12:43:37.120" /><!-- duration: 917ms -->
    <step title="LibGit2SharpRepository Update" date="2017-02-26T12:43:38.037" /><!-- duration: 5493ms -->
    <step title="DeploymentManager.Deploy(id:7ad5670f09cad4ffee78eff4c154e7ae91c27433)" date="2017-02-26T12:43:43.655" >
      <step title="Collecting changeset information" date="2017-02-26T12:43:43.671" /><!-- duration: 78ms -->
      <step title="Updating submodules" date="2017-02-26T12:43:43.749" /><!-- duration: 47ms -->
      <step title="Determining deployment builder" date="2017-02-26T12:43:43.936" >
        <step title="Builder is NodeSiteBuilder" date="2017-02-26T12:43:44.014" /><!-- duration: 0ms -->
      </step><!-- duration: 94ms -->
      <step title="Copying SSH keys" date="2017-02-26T12:43:44.061" /><!-- duration: 0ms -->
      <step title="Building" date="2017-02-26T12:43:44.061" >
        <step title="Generating deployment script" date="2017-02-26T12:43:44.124" >
          <step title="Using cached version of the deployment script for command: -y --no-dot-deployment -r &quot;D:\home\site\repository&quot; -o &quot;D:\home\site\deployments\tools&quot; --node" date="2017-02-26T12:43:44.155" /><!-- duration: 0ms -->
        </step><!-- duration: 47ms -->
        <step title="Executing external process" date="2017-02-26T12:43:44.249" type="process" path="starter.cmd" arguments="&quot;D:\home\site\deployments\tools\deploy.cmd&quot;" /><!-- duration: 17228ms -->
        <step title="FunctionManager.SyncTriggers" date="2017-02-26T12:44:04.371" >
          <step title="Functions are not enabled for this site." date="2017-02-26T12:44:04.387" /><!-- duration: 0ms -->
        </step><!-- duration: 31ms -->
        <step title="Purge deployment items" date="2017-02-26T12:44:05.060" >
          <step title="Remove b201f74c8, Success, received at 2/26/2017 11:43:31 AM" date="2017-02-26T12:44:05.169" /><!-- duration: 0ms -->
        </step><!-- duration: 125ms -->
      </step><!-- duration: 21155ms -->
    </step><!-- duration: 21577ms -->
    <step title="Cleaning up temp files" date="2017-02-26T12:44:05.232" /><!-- duration: 0ms -->
    <step title="WebHooksManager.PublishEventAsync: PostDeployment" date="2017-02-26T12:44:05.263" /><!-- duration: 31ms -->
  </step><!-- duration: 28683ms -->
</step><!-- duration: 28730ms -->
