<step title="BackgroundTrace" date="2017-02-26T08:52:32.569" instance="25c8fe" url="/deploy" method="POST" >
  <step title="Performing fetch based deployment" date="2017-02-26T08:52:32.602" >
    <step title="Creating temporary deployment" date="2017-02-26T08:52:32.604" /><!-- duration: 47ms -->
    <step title="LibGit2SharpRepository Fetch" date="2017-02-26T08:52:33.041" /><!-- duration: 834ms -->
    <step title="LibGit2SharpRepository Update" date="2017-02-26T08:52:33.875" /><!-- duration: 2774ms -->
    <step title="DeploymentManager.Deploy(id:78ddebc254d3251f27809eedee3183023885bc7e)" date="2017-02-26T08:52:36.748" >
      <step title="Collecting changeset information" date="2017-02-26T08:52:36.763" /><!-- duration: 62ms -->
      <step title="Updating submodules" date="2017-02-26T08:52:36.825" /><!-- duration: 78ms -->
      <step title="Determining deployment builder" date="2017-02-26T08:52:37.028" >
        <step title="Builder is NodeSiteBuilder" date="2017-02-26T08:52:37.075" /><!-- duration: 0ms -->
      </step><!-- duration: 62ms -->
      <step title="Copying SSH keys" date="2017-02-26T08:52:37.122" /><!-- duration: 15ms -->
      <step title="Building" date="2017-02-26T08:52:37.137" >
        <step title="Generating deployment script" date="2017-02-26T08:52:37.216" >
          <step title="Using cached version of the deployment script for command: -y --no-dot-deployment -r &quot;D:\home\site\repository&quot; -o &quot;D:\home\site\deployments\tools&quot; --node" date="2017-02-26T08:52:37.247" /><!-- duration: 0ms -->
        </step><!-- duration: 47ms -->
        <step title="Executing external process" date="2017-02-26T08:52:37.356" type="process" path="starter.cmd" arguments="&quot;D:\home\site\deployments\tools\deploy.cmd&quot;" /><!-- duration: 9462ms -->
        <step title="FunctionManager.SyncTriggers" date="2017-02-26T08:52:46.912" >
          <step title="Functions are not enabled for this site." date="2017-02-26T08:52:46.928" /><!-- duration: 0ms -->
        </step><!-- duration: 16ms -->
        <step title="Purge deployment items" date="2017-02-26T08:52:47.428" >
          <step title="Remove 4dd1407fd, Success, received at 2/26/2017 8:03:36 AM" date="2017-02-26T08:52:47.553" /><!-- duration: 16ms -->
        </step><!-- duration: 141ms -->
      </step><!-- duration: 10462ms -->
    </step><!-- duration: 10855ms -->
    <step title="Cleaning up temp files" date="2017-02-26T08:52:47.602" /><!-- duration: 0ms -->
    <step title="WebHooksManager.PublishEventAsync: PostDeployment" date="2017-02-26T08:52:47.634" /><!-- duration: 16ms -->
  </step><!-- duration: 15126ms -->
</step><!-- duration: 15174ms -->
