<step title="BackgroundTrace" date="2017-02-26T12:17:46.315" instance="25c8fe" url="/deploy" method="POST" >
  <step title="Performing fetch based deployment" date="2017-02-26T12:17:46.330" >
    <step title="Creating temporary deployment" date="2017-02-26T12:17:46.330" /><!-- duration: 62ms -->
    <step title="LibGit2SharpRepository Fetch" date="2017-02-26T12:17:46.737" /><!-- duration: 789ms -->
    <step title="LibGit2SharpRepository Update" date="2017-02-26T12:17:47.526" /><!-- duration: 5567ms -->
    <step title="DeploymentManager.Deploy(id:f3f59c360a817fe9430ae939539de2f91e3e6fcf)" date="2017-02-26T12:17:53.204" >
      <step title="Collecting changeset information" date="2017-02-26T12:17:53.219" /><!-- duration: 47ms -->
      <step title="Updating submodules" date="2017-02-26T12:17:53.266" /><!-- duration: 47ms -->
      <step title="Determining deployment builder" date="2017-02-26T12:17:53.407" >
        <step title="Builder is NodeSiteBuilder" date="2017-02-26T12:17:53.489" /><!-- duration: 0ms -->
      </step><!-- duration: 82ms -->
      <step title="Copying SSH keys" date="2017-02-26T12:17:53.567" /><!-- duration: 16ms -->
      <step title="Building" date="2017-02-26T12:17:53.583" >
        <step title="Generating deployment script" date="2017-02-26T12:17:53.630" >
          <step title="Using cached version of the deployment script for command: -y --no-dot-deployment -r &quot;D:\home\site\repository&quot; -o &quot;D:\home\site\deployments\tools&quot; --node" date="2017-02-26T12:17:53.661" /><!-- duration: 16ms -->
        </step><!-- duration: 47ms -->
        <step title="Executing external process" date="2017-02-26T12:17:53.755" type="process" path="starter.cmd" arguments="&quot;D:\home\site\deployments\tools\deploy.cmd&quot;" /><!-- duration: 15051ms -->
        <step title="FunctionManager.SyncTriggers" date="2017-02-26T12:18:08.868" >
          <step title="Functions are not enabled for this site." date="2017-02-26T12:18:08.884" /><!-- duration: 0ms -->
        </step><!-- duration: 16ms -->
        <step title="Purge deployment items" date="2017-02-26T12:18:09.389" >
          <step title="Remove 61229d49a, Success, received at 2/26/2017 11:16:43 AM" date="2017-02-26T12:18:09.482" /><!-- duration: 0ms -->
        </step><!-- duration: 94ms -->
      </step><!-- duration: 15931ms -->
    </step><!-- duration: 16325ms -->
    <step title="Cleaning up temp files" date="2017-02-26T12:18:09.529" /><!-- duration: 0ms -->
    <step title="WebHooksManager.PublishEventAsync: PostDeployment" date="2017-02-26T12:18:09.548" /><!-- duration: 31ms -->
  </step><!-- duration: 23313ms -->
</step><!-- duration: 23344ms -->
