<step title="BackgroundTrace" date="2017-02-26T07:49:35.197" instance="25c8fe" url="/deploy" method="POST" >
  <step title="Performing fetch based deployment" date="2017-02-26T07:49:35.213" >
    <step title="Creating temporary deployment" date="2017-02-26T07:49:35.228" /><!-- duration: 47ms -->
    <step title="LibGit2SharpRepository Fetch" date="2017-02-26T07:49:35.641" /><!-- duration: 1170ms -->
    <step title="LibGit2SharpRepository Update" date="2017-02-26T07:49:36.826" /><!-- duration: 3352ms -->
    <step title="DeploymentManager.Deploy(id:689e374aef5f08ee140b644dccd1c757b9e71636)" date="2017-02-26T07:49:40.257" >
      <step title="Collecting changeset information" date="2017-02-26T07:49:40.272" /><!-- duration: 94ms -->
      <step title="Updating submodules" date="2017-02-26T07:49:40.367" /><!-- duration: 79ms -->
      <step title="Determining deployment builder" date="2017-02-26T07:49:40.555" >
        <step title="Builder is NodeSiteBuilder" date="2017-02-26T07:49:40.602" /><!-- duration: 16ms -->
      </step><!-- duration: 63ms -->
      <step title="Copying SSH keys" date="2017-02-26T07:49:40.648" /><!-- duration: 0ms -->
      <step title="Building" date="2017-02-26T07:49:40.648" >
        <step title="Generating deployment script" date="2017-02-26T07:49:40.742" >
          <step title="Using cached version of the deployment script for command: -y --no-dot-deployment -r &quot;D:\home\site\repository&quot; -o &quot;D:\home\site\deployments\tools&quot; --node" date="2017-02-26T07:49:40.773" /><!-- duration: 0ms -->
        </step><!-- duration: 31ms -->
        <step title="Executing external process" date="2017-02-26T07:49:40.853" type="process" path="starter.cmd" arguments="&quot;D:\home\site\deployments\tools\deploy.cmd&quot;" /><!-- duration: 8942ms -->
        <step title="FunctionManager.SyncTriggers" date="2017-02-26T07:49:49.888" >
          <step title="Functions are not enabled for this site." date="2017-02-26T07:49:49.904" /><!-- duration: 0ms -->
        </step><!-- duration: 33ms -->
        <step title="Purge deployment items" date="2017-02-26T07:49:50.433" >
          <step title="Remove ad8ec84b5, Success, received at 2/26/2017 6:41:07 AM" date="2017-02-26T07:49:50.511" /><!-- duration: 16ms -->
        </step><!-- duration: 94ms -->
      </step><!-- duration: 9909ms -->
    </step><!-- duration: 10317ms -->
    <step title="Cleaning up temp files" date="2017-02-26T07:49:50.573" /><!-- duration: 0ms -->
    <step title="WebHooksManager.PublishEventAsync: PostDeployment" date="2017-02-26T07:49:50.605" /><!-- duration: 31ms -->
  </step><!-- duration: 15501ms -->
</step><!-- duration: 15548ms -->
