<step title="BackgroundTrace" date="2017-02-26T06:15:19.993" instance="25c8fe" url="/deploy" method="POST" >
  <step title="Performing fetch based deployment" date="2017-02-26T06:15:20.039" >
    <step title="Creating temporary deployment" date="2017-02-26T06:15:20.039" /><!-- duration: 62ms -->
    <step title="LibGit2SharpRepository Fetch" date="2017-02-26T06:15:20.430" /><!-- duration: 674ms -->
    <step title="LibGit2SharpRepository Update" date="2017-02-26T06:15:21.120" /><!-- duration: 3515ms -->
    <step title="DeploymentManager.Deploy(id:0e91ee9bc1f1898313b0a10ea6730c96a73b90ca)" date="2017-02-26T06:15:24.716" >
      <step title="Collecting changeset information" date="2017-02-26T06:15:24.716" /><!-- duration: 80ms -->
      <step title="Updating submodules" date="2017-02-26T06:15:24.795" /><!-- duration: 62ms -->
      <step title="Determining deployment builder" date="2017-02-26T06:15:24.983" >
        <step title="Builder is NodeSiteBuilder" date="2017-02-26T06:15:25.045" /><!-- duration: 0ms -->
      </step><!-- duration: 109ms -->
      <step title="Copying SSH keys" date="2017-02-26T06:15:25.123" /><!-- duration: 0ms -->
      <step title="Building" date="2017-02-26T06:15:25.139" >
        <step title="Generating deployment script" date="2017-02-26T06:15:25.233" >
          <step title="Using cached version of the deployment script for command: -y --no-dot-deployment -r &quot;D:\home\site\repository&quot; -o &quot;D:\home\site\deployments\tools&quot; --node" date="2017-02-26T06:15:25.248" /><!-- duration: 16ms -->
        </step><!-- duration: 31ms -->
        <step title="Executing external process" date="2017-02-26T06:15:25.358" type="process" path="starter.cmd" arguments="&quot;D:\home\site\deployments\tools\deploy.cmd&quot;" /><!-- duration: 9405ms -->
        <step title="FunctionManager.SyncTriggers" date="2017-02-26T06:15:34.841" >
          <step title="Functions are not enabled for this site." date="2017-02-26T06:15:34.857" /><!-- duration: 0ms -->
        </step><!-- duration: 16ms -->
      </step><!-- duration: 10234ms -->
    </step><!-- duration: 10672ms -->
    <step title="Cleaning up temp files" date="2017-02-26T06:15:35.388" /><!-- duration: 16ms -->
    <step title="WebHooksManager.PublishEventAsync: PostDeployment" date="2017-02-26T06:15:35.419" /><!-- duration: 31ms -->
  </step><!-- duration: 15427ms -->
</step><!-- duration: 15488ms -->
