<step title="BackgroundTrace" date="2017-02-26T01:36:13.331" instance="25c8fe" url="/deploy" method="POST" >
  <step title="Performing fetch based deployment" date="2017-02-26T01:36:13.347" >
    <step title="Creating temporary deployment" date="2017-02-26T01:36:13.347" /><!-- duration: 47ms -->
    <step title="LibGit2SharpRepository Fetch" date="2017-02-26T01:36:13.740" /><!-- duration: 546ms -->
    <step title="LibGit2SharpRepository Update" date="2017-02-26T01:36:14.302" /><!-- duration: 2178ms -->
    <step title="DeploymentManager.Deploy(id:750c79970f603e77b16100524bb62d892cf11f89)" date="2017-02-26T01:36:16.528" >
      <step title="Collecting changeset information" date="2017-02-26T01:36:16.544" /><!-- duration: 78ms -->
      <step title="Updating submodules" date="2017-02-26T01:36:16.622" /><!-- duration: 62ms -->
      <step title="Determining deployment builder" date="2017-02-26T01:36:16.810" >
        <step title="Builder is NodeSiteBuilder" date="2017-02-26T01:36:16.856" /><!-- duration: 16ms -->
      </step><!-- duration: 62ms -->
      <step title="Copying SSH keys" date="2017-02-26T01:36:16.919" /><!-- duration: 0ms -->
      <step title="Building" date="2017-02-26T01:36:16.934" >
        <step title="Generating deployment script" date="2017-02-26T01:36:16.997" >
          <step title="Using cached version of the deployment script for command: -y --no-dot-deployment -r &quot;D:\home\site\repository&quot; -o &quot;D:\home\site\deployments\tools&quot; --node" date="2017-02-26T01:36:17.044" /><!-- duration: 0ms -->
        </step><!-- duration: 62ms -->
        <step title="Executing external process" date="2017-02-26T01:36:17.169" type="process" path="starter.cmd" arguments="&quot;D:\home\site\deployments\tools\deploy.cmd&quot;" /><!-- duration: 7838ms -->
        <step title="FunctionManager.SyncTriggers" date="2017-02-26T01:36:25.070" >
          <step title="Functions are not enabled for this site." date="2017-02-26T01:36:25.070" /><!-- duration: 0ms -->
        </step><!-- duration: 16ms -->
      </step><!-- duration: 8416ms -->
    </step><!-- duration: 8838ms -->
    <step title="Cleaning up temp files" date="2017-02-26T01:36:25.366" /><!-- duration: 16ms -->
    <step title="WebHooksManager.PublishEventAsync: PostDeployment" date="2017-02-26T01:36:25.413" /><!-- duration: 16ms -->
  </step><!-- duration: 12178ms -->
</step><!-- duration: 12209ms -->
