<step title="BackgroundTrace" date="2017-02-26T06:39:20.612" instance="25c8fe" url="/deploy" method="POST" >
  <step title="Performing fetch based deployment" date="2017-02-26T06:39:20.633" >
    <step title="Creating temporary deployment" date="2017-02-26T06:39:20.643" /><!-- duration: 63ms -->
    <step title="LibGit2SharpRepository Fetch" date="2017-02-26T06:39:21.083" /><!-- duration: 741ms -->
    <step title="LibGit2SharpRepository Update" date="2017-02-26T06:39:21.824" /><!-- duration: 3355ms -->
    <step title="DeploymentManager.Deploy(id:7fabfad1a44c9eda770d951b8eb49f8e3091eadd)" date="2017-02-26T06:39:25.245" >
      <step title="Collecting changeset information" date="2017-02-26T06:39:25.245" /><!-- duration: 63ms -->
      <step title="Updating submodules" date="2017-02-26T06:39:25.323" /><!-- duration: 62ms -->
      <step title="Determining deployment builder" date="2017-02-26T06:39:25.542" >
        <step title="Builder is NodeSiteBuilder" date="2017-02-26T06:39:25.589" /><!-- duration: 0ms -->
      </step><!-- duration: 47ms -->
      <step title="Copying SSH keys" date="2017-02-26T06:39:25.620" /><!-- duration: 16ms -->
      <step title="Building" date="2017-02-26T06:39:25.636" >
        <step title="Generating deployment script" date="2017-02-26T06:39:25.714" >
          <step title="Using cached version of the deployment script for command: -y --no-dot-deployment -r &quot;D:\home\site\repository&quot; -o &quot;D:\home\site\deployments\tools&quot; --node" date="2017-02-26T06:39:25.730" /><!-- duration: 0ms -->
        </step><!-- duration: 31ms -->
        <step title="Executing external process" date="2017-02-26T06:39:25.823" type="process" path="starter.cmd" arguments="&quot;D:\home\site\deployments\tools\deploy.cmd&quot;" /><!-- duration: 8488ms -->
        <step title="FunctionManager.SyncTriggers" date="2017-02-26T06:39:34.390" >
          <step title="Functions are not enabled for this site." date="2017-02-26T06:39:34.390" /><!-- duration: 0ms -->
        </step><!-- duration: 0ms -->
        <step title="Purge deployment items" date="2017-02-26T06:39:34.953" >
          <step title="Remove d12563998, Success, received at 2/26/2017 2:46:28 AM" date="2017-02-26T06:39:35.031" /><!-- duration: 16ms -->
        </step><!-- duration: 94ms -->
      </step><!-- duration: 9442ms -->
    </step><!-- duration: 9849ms -->
    <step title="Cleaning up temp files" date="2017-02-26T06:39:35.110" /><!-- duration: 16ms -->
    <step title="WebHooksManager.PublishEventAsync: PostDeployment" date="2017-02-26T06:39:35.160" /><!-- duration: 16ms -->
  </step><!-- duration: 14621ms -->
</step><!-- duration: 14674ms -->
