<step title="BackgroundTrace" date="2017-02-26T08:25:46.144" instance="25c8fe" url="/deploy" method="POST" >
  <step title="Performing fetch based deployment" date="2017-02-26T08:25:46.159" >
    <step title="Creating temporary deployment" date="2017-02-26T08:25:46.175" /><!-- duration: 47ms -->
    <step title="LibGit2SharpRepository Fetch" date="2017-02-26T08:25:46.566" /><!-- duration: 741ms -->
    <step title="LibGit2SharpRepository Update" date="2017-02-26T08:25:47.306" /><!-- duration: 2683ms -->
    <step title="DeploymentManager.Deploy(id:04edd87ce2c4baea6b882b174ea8a5277279cdb1)" date="2017-02-26T08:25:50.083" >
      <step title="Collecting changeset information" date="2017-02-26T08:25:50.099" /><!-- duration: 62ms -->
      <step title="Updating submodules" date="2017-02-26T08:25:50.161" /><!-- duration: 63ms -->
      <step title="Determining deployment builder" date="2017-02-26T08:25:50.333" >
        <step title="Builder is NodeSiteBuilder" date="2017-02-26T08:25:50.380" /><!-- duration: 0ms -->
      </step><!-- duration: 63ms -->
      <step title="Copying SSH keys" date="2017-02-26T08:25:50.427" /><!-- duration: 0ms -->
      <step title="Building" date="2017-02-26T08:25:50.427" >
        <step title="Generating deployment script" date="2017-02-26T08:25:50.489" >
          <step title="Using cached version of the deployment script for command: -y --no-dot-deployment -r &quot;D:\home\site\repository&quot; -o &quot;D:\home\site\deployments\tools&quot; --node" date="2017-02-26T08:25:50.520" /><!-- duration: 0ms -->
        </step><!-- duration: 47ms -->
        <step title="Executing external process" date="2017-02-26T08:25:50.614" type="process" path="starter.cmd" arguments="&quot;D:\home\site\deployments\tools\deploy.cmd&quot;" /><!-- duration: 9371ms -->
        <step title="FunctionManager.SyncTriggers" date="2017-02-26T08:26:00.016" >
          <step title="Functions are not enabled for this site." date="2017-02-26T08:26:00.032" /><!-- duration: 0ms -->
        </step><!-- duration: 31ms -->
        <step title="Purge deployment items" date="2017-02-26T08:26:00.737" >
          <step title="Remove df49eec01, Success, received at 2/26/2017 7:25:55 AM" date="2017-02-26T08:26:00.831" /><!-- duration: 0ms -->
        </step><!-- duration: 94ms -->
      </step><!-- duration: 10451ms -->
    </step><!-- duration: 10795ms -->
    <step title="Cleaning up temp files" date="2017-02-26T08:26:00.878" /><!-- duration: 16ms -->
    <step title="WebHooksManager.PublishEventAsync: PostDeployment" date="2017-02-26T08:26:00.909" /><!-- duration: 31ms -->
  </step><!-- duration: 14812ms -->
</step><!-- duration: 14843ms -->
