<step title="BackgroundTrace" date="2017-02-26T09:07:37.563" instance="25c8fe" url="/deploy" method="POST" >
  <step title="Performing fetch based deployment" date="2017-02-26T09:07:37.578" >
    <step title="Creating temporary deployment" date="2017-02-26T09:07:37.578" /><!-- duration: 62ms -->
    <step title="LibGit2SharpRepository Fetch" date="2017-02-26T09:07:37.986" /><!-- duration: 953ms -->
    <step title="LibGit2SharpRepository Update" date="2017-02-26T09:07:38.955" /><!-- duration: 2819ms -->
    <step title="DeploymentManager.Deploy(id:0402d5d8013467adef8e33002e26e3ca9a2c7cce)" date="2017-02-26T09:07:41.870" >
      <step title="Collecting changeset information" date="2017-02-26T09:07:41.883" /><!-- duration: 63ms -->
      <step title="Updating submodules" date="2017-02-26T09:07:41.946" /><!-- duration: 62ms -->
      <step title="Determining deployment builder" date="2017-02-26T09:07:42.102" >
        <step title="Builder is NodeSiteBuilder" date="2017-02-26T09:07:42.164" /><!-- duration: 16ms -->
      </step><!-- duration: 78ms -->
      <step title="Copying SSH keys" date="2017-02-26T09:07:42.211" /><!-- duration: 0ms -->
      <step title="Building" date="2017-02-26T09:07:42.211" >
        <step title="Generating deployment script" date="2017-02-26T09:07:42.274" >
          <step title="Using cached version of the deployment script for command: -y --no-dot-deployment -r &quot;D:\home\site\repository&quot; -o &quot;D:\home\site\deployments\tools&quot; --node" date="2017-02-26T09:07:42.289" /><!-- duration: 16ms -->
        </step><!-- duration: 31ms -->
        <step title="Executing external process" date="2017-02-26T09:07:42.383" type="process" path="starter.cmd" arguments="&quot;D:\home\site\deployments\tools\deploy.cmd&quot;" /><!-- duration: 9408ms -->
        <step title="FunctionManager.SyncTriggers" date="2017-02-26T09:07:51.870" >
          <step title="Functions are not enabled for this site." date="2017-02-26T09:07:51.870" /><!-- duration: 0ms -->
        </step><!-- duration: 16ms -->
        <step title="Purge deployment items" date="2017-02-26T09:07:52.385" >
          <step title="Remove 04edd87ce, Success, received at 2/26/2017 8:25:50 AM" date="2017-02-26T09:07:52.463" /><!-- duration: 0ms -->
        </step><!-- duration: 94ms -->
      </step><!-- duration: 10283ms -->
    </step><!-- duration: 10640ms -->
    <step title="Cleaning up temp files" date="2017-02-26T09:07:52.510" /><!-- duration: 0ms -->
    <step title="WebHooksManager.PublishEventAsync: PostDeployment" date="2017-02-26T09:07:52.558" /><!-- duration: 15ms -->
  </step><!-- duration: 15072ms -->
</step><!-- duration: 15119ms -->
