<step title="BackgroundTrace" date="2017-02-26T09:34:44.237" instance="25c8fe" url="/deploy" method="POST" >
  <step title="Performing fetch based deployment" date="2017-02-26T09:34:44.237" >
    <step title="Creating temporary deployment" date="2017-02-26T09:34:44.252" /><!-- duration: 47ms -->
    <step title="LibGit2SharpRepository Fetch" date="2017-02-26T09:34:44.678" /><!-- duration: 753ms -->
    <step title="LibGit2SharpRepository Update" date="2017-02-26T09:34:45.431" /><!-- duration: 3045ms -->
    <step title="DeploymentManager.Deploy(id:3fa3ae7c2ee8fcb57cdf56c5f2fe949973dadf1d)" date="2017-02-26T09:34:48.569" >
      <step title="Collecting changeset information" date="2017-02-26T09:34:48.585" /><!-- duration: 62ms -->
      <step title="Updating submodules" date="2017-02-26T09:34:48.663" /><!-- duration: 62ms -->
      <step title="Determining deployment builder" date="2017-02-26T09:34:48.850" >
        <step title="Builder is NodeSiteBuilder" date="2017-02-26T09:34:48.913" /><!-- duration: 0ms -->
      </step><!-- duration: 62ms -->
      <step title="Copying SSH keys" date="2017-02-26T09:34:48.960" /><!-- duration: 0ms -->
      <step title="Building" date="2017-02-26T09:34:48.960" >
        <step title="Generating deployment script" date="2017-02-26T09:34:49.038" >
          <step title="Using cached version of the deployment script for command: -y --no-dot-deployment -r &quot;D:\home\site\repository&quot; -o &quot;D:\home\site\deployments\tools&quot; --node" date="2017-02-26T09:34:49.085" /><!-- duration: 0ms -->
        </step><!-- duration: 63ms -->
        <step title="Executing external process" date="2017-02-26T09:34:49.179" type="process" path="starter.cmd" arguments="&quot;D:\home\site\deployments\tools\deploy.cmd&quot;" /><!-- duration: 9978ms -->
        <step title="FunctionManager.SyncTriggers" date="2017-02-26T09:34:59.267" >
          <step title="Functions are not enabled for this site." date="2017-02-26T09:34:59.267" /><!-- duration: 0ms -->
        </step><!-- duration: 0ms -->
        <step title="Purge deployment items" date="2017-02-26T09:34:59.720" >
          <step title="Remove f83d46744, Success, received at 2/26/2017 8:49:12 AM" date="2017-02-26T09:34:59.814" /><!-- duration: 0ms -->
        </step><!-- duration: 94ms -->
      </step><!-- duration: 10885ms -->
    </step><!-- duration: 11291ms -->
    <step title="Cleaning up temp files" date="2017-02-26T09:34:59.860" /><!-- duration: 0ms -->
    <step title="WebHooksManager.PublishEventAsync: PostDeployment" date="2017-02-26T09:34:59.892" /><!-- duration: 16ms -->
  </step><!-- duration: 15733ms -->
</step><!-- duration: 15764ms -->
