<step title="BackgroundTrace" date="2017-02-26T05:35:19.252" instance="25c8fe" url="/deploy" method="POST" >
  <step title="Performing fetch based deployment" date="2017-02-26T05:35:19.252" >
    <step title="Creating temporary deployment" date="2017-02-26T05:35:19.267" /><!-- duration: 47ms -->
    <step title="LibGit2SharpRepository Fetch" date="2017-02-26T05:35:19.771" /><!-- duration: 734ms -->
    <step title="LibGit2SharpRepository Update" date="2017-02-26T05:35:20.505" /><!-- duration: 13430ms -->
    <step title="DeploymentManager.Deploy(id:a6f149a6d2fb7159c7895e7c843ed0b2362da291)" date="2017-02-26T05:35:33.982" >
      <step title="Collecting changeset information" date="2017-02-26T05:35:33.998" /><!-- duration: 62ms -->
      <step title="Updating submodules" date="2017-02-26T05:35:34.061" /><!-- duration: 63ms -->
      <step title="Determining deployment builder" date="2017-02-26T05:35:34.264" >
        <step title="Builder is NodeSiteBuilder" date="2017-02-26T05:35:34.311" /><!-- duration: 0ms -->
      </step><!-- duration: 47ms -->
      <step title="Copying SSH keys" date="2017-02-26T05:35:34.373" /><!-- duration: 0ms -->
      <step title="Building" date="2017-02-26T05:35:34.373" >
        <step title="Generating deployment script" date="2017-02-26T05:35:34.436" >
          <step title="Using cached version of the deployment script for command: -y --no-dot-deployment -r &quot;D:\home\site\repository&quot; -o &quot;D:\home\site\deployments\tools&quot; --node" date="2017-02-26T05:35:34.467" /><!-- duration: 0ms -->
        </step><!-- duration: 31ms -->
        <step title="Executing external process" date="2017-02-26T05:35:34.545" type="process" path="starter.cmd" arguments="&quot;D:\home\site\deployments\tools\deploy.cmd&quot;" /><!-- duration: 25122ms -->
        <step title="FunctionManager.SyncTriggers" date="2017-02-26T05:35:59.745" >
          <step title="Functions are not enabled for this site." date="2017-02-26T05:35:59.745" /><!-- duration: 0ms -->
        </step><!-- duration: 16ms -->
      </step><!-- duration: 25731ms -->
    </step><!-- duration: 26137ms -->
    <step title="Cleaning up temp files" date="2017-02-26T05:36:00.120" /><!-- duration: 16ms -->
    <step title="WebHooksManager.PublishEventAsync: PostDeployment" date="2017-02-26T05:36:00.151" /><!-- duration: 64ms -->
  </step><!-- duration: 41045ms -->
</step><!-- duration: 41061ms -->
