<step title="BackgroundTrace" date="2017-02-26T07:43:22.685" instance="25c8fe" url="/deploy" method="POST" >
  <step title="Performing fetch based deployment" date="2017-02-26T07:43:22.700" >
    <step title="Creating temporary deployment" date="2017-02-26T07:43:22.700" /><!-- duration: 47ms -->
    <step title="LibGit2SharpRepository Fetch" date="2017-02-26T07:43:23.122" /><!-- duration: 684ms -->
    <step title="LibGit2SharpRepository Update" date="2017-02-26T07:43:23.821" /><!-- duration: 2815ms -->
    <step title="DeploymentManager.Deploy(id:99dd59d3a58ca3ff0d75d378db652d13784ef9d0)" date="2017-02-26T07:43:26.698" >
      <step title="Collecting changeset information" date="2017-02-26T07:43:26.714" /><!-- duration: 62ms -->
      <step title="Updating submodules" date="2017-02-26T07:43:26.792" /><!-- duration: 47ms -->
      <step title="Determining deployment builder" date="2017-02-26T07:43:26.948" >
        <step title="Builder is NodeSiteBuilder" date="2017-02-26T07:43:27.011" /><!-- duration: 0ms -->
      </step><!-- duration: 62ms -->
      <step title="Copying SSH keys" date="2017-02-26T07:43:27.042" /><!-- duration: 0ms -->
      <step title="Building" date="2017-02-26T07:43:27.058" >
        <step title="Generating deployment script" date="2017-02-26T07:43:27.120" >
          <step title="Using cached version of the deployment script for command: -y --no-dot-deployment -r &quot;D:\home\site\repository&quot; -o &quot;D:\home\site\deployments\tools&quot; --node" date="2017-02-26T07:43:27.136" /><!-- duration: 16ms -->
        </step><!-- duration: 31ms -->
        <step title="Executing external process" date="2017-02-26T07:43:27.229" type="process" path="starter.cmd" arguments="&quot;D:\home\site\deployments\tools\deploy.cmd&quot;" /><!-- duration: 8683ms -->
        <step title="FunctionManager.SyncTriggers" date="2017-02-26T07:43:36.006" >
          <step title="Functions are not enabled for this site." date="2017-02-26T07:43:36.006" /><!-- duration: 16ms -->
        </step><!-- duration: 16ms -->
        <step title="Purge deployment items" date="2017-02-26T07:43:36.600" >
          <step title="Remove 7fabfad1a, Success, received at 2/26/2017 6:39:25 AM" date="2017-02-26T07:43:36.698" /><!-- duration: 16ms -->
        </step><!-- duration: 114ms -->
      </step><!-- duration: 9703ms -->
    </step><!-- duration: 10078ms -->
    <step title="Cleaning up temp files" date="2017-02-26T07:43:36.792" /><!-- duration: 0ms -->
    <step title="WebHooksManager.PublishEventAsync: PostDeployment" date="2017-02-26T07:43:36.823" /><!-- duration: 47ms -->
  </step><!-- duration: 14264ms -->
</step><!-- duration: 14279ms -->
