<step title="BackgroundTrace" date="2017-02-26T09:36:17.876" instance="25c8fe" url="/deploy" method="POST" >
  <step title="Performing fetch based deployment" date="2017-02-26T09:36:17.892" >
    <step title="Creating temporary deployment" date="2017-02-26T09:36:17.908" /><!-- duration: 63ms -->
    <step title="LibGit2SharpRepository Fetch" date="2017-02-26T09:36:18.331" /><!-- duration: 864ms -->
    <step title="LibGit2SharpRepository Update" date="2017-02-26T09:36:19.195" /><!-- duration: 3133ms -->
    <step title="DeploymentManager.Deploy(id:dd520fba09855ddc2d2523342ab3d12bd419eb3a)" date="2017-02-26T09:36:22.422" >
      <step title="Collecting changeset information" date="2017-02-26T09:36:22.438" /><!-- duration: 47ms -->
      <step title="Updating submodules" date="2017-02-26T09:36:22.500" /><!-- duration: 62ms -->
      <step title="Determining deployment builder" date="2017-02-26T09:36:22.688" >
        <step title="Builder is NodeSiteBuilder" date="2017-02-26T09:36:22.750" /><!-- duration: 16ms -->
      </step><!-- duration: 78ms -->
      <step title="Copying SSH keys" date="2017-02-26T09:36:22.813" /><!-- duration: 16ms -->
      <step title="Building" date="2017-02-26T09:36:22.828" >
        <step title="Generating deployment script" date="2017-02-26T09:36:22.891" >
          <step title="Using cached version of the deployment script for command: -y --no-dot-deployment -r &quot;D:\home\site\repository&quot; -o &quot;D:\home\site\deployments\tools&quot; --node" date="2017-02-26T09:36:22.922" /><!-- duration: 0ms -->
        </step><!-- duration: 47ms -->
        <step title="Executing external process" date="2017-02-26T09:36:23.053" type="process" path="starter.cmd" arguments="&quot;D:\home\site\deployments\tools\deploy.cmd&quot;" /><!-- duration: 8750ms -->
        <step title="FunctionManager.SyncTriggers" date="2017-02-26T09:36:31.913" >
          <step title="Functions are not enabled for this site." date="2017-02-26T09:36:31.913" /><!-- duration: 16ms -->
        </step><!-- duration: 16ms -->
        <step title="Purge deployment items" date="2017-02-26T09:36:32.413" >
          <step title="Remove 78ddebc25, Success, received at 2/26/2017 8:52:36 AM" date="2017-02-26T09:36:32.506" /><!-- duration: 0ms -->
        </step><!-- duration: 109ms -->
      </step><!-- duration: 9725ms -->
    </step><!-- duration: 10147ms -->
    <step title="Cleaning up temp files" date="2017-02-26T09:36:32.569" /><!-- duration: 16ms -->
    <step title="WebHooksManager.PublishEventAsync: PostDeployment" date="2017-02-26T09:36:32.600" /><!-- duration: 16ms -->
  </step><!-- duration: 14806ms -->
</step><!-- duration: 14837ms -->
