<step title="BackgroundTrace" date="2017-02-26T07:25:51.587" instance="25c8fe" url="/deploy" method="POST" >
  <step title="Performing fetch based deployment" date="2017-02-26T07:25:51.618" >
    <step title="Creating temporary deployment" date="2017-02-26T07:25:51.618" /><!-- duration: 69ms -->
    <step title="LibGit2SharpRepository Fetch" date="2017-02-26T07:25:52.173" /><!-- duration: 745ms -->
    <step title="LibGit2SharpRepository Update" date="2017-02-26T07:25:52.934" /><!-- duration: 2718ms -->
    <step title="DeploymentManager.Deploy(id:df49eec0101c4fbe95cd970853a2ecc0f3bb4892)" date="2017-02-26T07:25:55.714" >
      <step title="Collecting changeset information" date="2017-02-26T07:25:55.730" /><!-- duration: 47ms -->
      <step title="Updating submodules" date="2017-02-26T07:25:55.792" /><!-- duration: 63ms -->
      <step title="Determining deployment builder" date="2017-02-26T07:25:55.964" >
        <step title="Builder is NodeSiteBuilder" date="2017-02-26T07:25:56.011" /><!-- duration: 0ms -->
      </step><!-- duration: 63ms -->
      <step title="Copying SSH keys" date="2017-02-26T07:25:56.042" /><!-- duration: 16ms -->
      <step title="Building" date="2017-02-26T07:25:56.058" >
        <step title="Generating deployment script" date="2017-02-26T07:25:56.121" >
          <step title="Using cached version of the deployment script for command: -y --no-dot-deployment -r &quot;D:\home\site\repository&quot; -o &quot;D:\home\site\deployments\tools&quot; --node" date="2017-02-26T07:25:56.152" /><!-- duration: 16ms -->
        </step><!-- duration: 47ms -->
        <step title="Executing external process" date="2017-02-26T07:25:56.261" type="process" path="starter.cmd" arguments="&quot;D:\home\site\deployments\tools\deploy.cmd&quot;" /><!-- duration: 9192ms -->
        <step title="FunctionManager.SyncTriggers" date="2017-02-26T07:26:05.531" >
          <step title="Functions are not enabled for this site." date="2017-02-26T07:26:05.531" /><!-- duration: 16ms -->
        </step><!-- duration: 16ms -->
        <step title="Purge deployment items" date="2017-02-26T07:26:06.659" >
          <step title="Remove 6c1c69cc5, Success, received at 2/26/2017 6:35:03 AM" date="2017-02-26T07:26:06.690" /><!-- duration: 16ms -->
        </step><!-- duration: 63ms -->
      </step><!-- duration: 10695ms -->
    </step><!-- duration: 11039ms -->
    <step title="Cleaning up temp files" date="2017-02-26T07:26:06.769" /><!-- duration: 0ms -->
    <step title="WebHooksManager.PublishEventAsync: PostDeployment" date="2017-02-26T07:26:06.800" /><!-- duration: 16ms -->
  </step><!-- duration: 15307ms -->
</step><!-- duration: 15369ms -->
