<step title="BackgroundTrace" date="2017-02-26T11:33:36.105" instance="25c8fe" url="/deploy" method="POST" >
  <step title="Performing fetch based deployment" date="2017-02-26T11:33:36.121" >
    <step title="Creating temporary deployment" date="2017-02-26T11:33:36.137" /><!-- duration: 62ms -->
    <step title="LibGit2SharpRepository Fetch" date="2017-02-26T11:33:36.672" /><!-- duration: 1445ms -->
    <step title="LibGit2SharpRepository Update" date="2017-02-26T11:33:38.117" /><!-- duration: 5427ms -->
    <step title="DeploymentManager.Deploy(id:6c922642577123320dfe0b47bf905761dd0bd4a8)" date="2017-02-26T11:33:43.653" >
      <step title="Collecting changeset information" date="2017-02-26T11:33:43.653" /><!-- duration: 63ms -->
      <step title="Updating submodules" date="2017-02-26T11:33:43.716" /><!-- duration: 47ms -->
      <step title="Determining deployment builder" date="2017-02-26T11:33:43.872" >
        <step title="Builder is NodeSiteBuilder" date="2017-02-26T11:33:43.950" /><!-- duration: 0ms -->
      </step><!-- duration: 78ms -->
      <step title="Copying SSH keys" date="2017-02-26T11:33:44.111" /><!-- duration: 0ms -->
      <step title="Building" date="2017-02-26T11:33:44.127" >
        <step title="Generating deployment script" date="2017-02-26T11:33:44.205" >
          <step title="Using cached version of the deployment script for command: -y --no-dot-deployment -r &quot;D:\home\site\repository&quot; -o &quot;D:\home\site\deployments\tools&quot; --node" date="2017-02-26T11:33:44.252" /><!-- duration: 0ms -->
        </step><!-- duration: 47ms -->
        <step title="Executing external process" date="2017-02-26T11:33:44.330" type="process" path="starter.cmd" arguments="&quot;D:\home\site\deployments\tools\deploy.cmd&quot;" /><!-- duration: 18366ms -->
        <step title="FunctionManager.SyncTriggers" date="2017-02-26T11:34:02.821" >
          <step title="Functions are not enabled for this site." date="2017-02-26T11:34:02.821" /><!-- duration: 16ms -->
        </step><!-- duration: 16ms -->
        <step title="Purge deployment items" date="2017-02-26T11:34:03.368" >
          <step title="Remove 3fa3ae7c2, Success, received at 2/26/2017 9:34:48 AM" date="2017-02-26T11:34:03.462" /><!-- duration: 0ms -->
        </step><!-- duration: 94ms -->
      </step><!-- duration: 19366ms -->
    </step><!-- duration: 19840ms -->
    <step title="Cleaning up temp files" date="2017-02-26T11:34:03.509" /><!-- duration: 0ms -->
    <step title="WebHooksManager.PublishEventAsync: PostDeployment" date="2017-02-26T11:34:03.525" /><!-- duration: 31ms -->
  </step><!-- duration: 27513ms -->
</step><!-- duration: 27544ms -->
