<step title="BackgroundTrace" date="2017-02-26T12:48:28.608" instance="25c8fe" url="/deploy" method="POST" >
  <step title="Performing fetch based deployment" date="2017-02-26T12:48:28.624" >
    <step title="Creating temporary deployment" date="2017-02-26T12:48:28.624" /><!-- duration: 94ms -->
    <step title="LibGit2SharpRepository Fetch" date="2017-02-26T12:48:29.046" /><!-- duration: 828ms -->
    <step title="LibGit2SharpRepository Update" date="2017-02-26T12:48:29.874" /><!-- duration: 5503ms -->
    <step title="DeploymentManager.Deploy(id:0d67013d08058b420f1e6bdbf227b29dfbc4f598)" date="2017-02-26T12:48:35.486" >
      <step title="Collecting changeset information" date="2017-02-26T12:48:35.502" /><!-- duration: 63ms -->
      <step title="Updating submodules" date="2017-02-26T12:48:35.564" /><!-- duration: 78ms -->
      <step title="Determining deployment builder" date="2017-02-26T12:48:35.814" >
        <step title="Builder is NodeSiteBuilder" date="2017-02-26T12:48:35.941" /><!-- duration: 0ms -->
      </step><!-- duration: 127ms -->
      <step title="Copying SSH keys" date="2017-02-26T12:48:35.970" /><!-- duration: 16ms -->
      <step title="Building" date="2017-02-26T12:48:35.986" >
        <step title="Generating deployment script" date="2017-02-26T12:48:36.064" >
          <step title="Using cached version of the deployment script for command: -y --no-dot-deployment -r &quot;D:\home\site\repository&quot; -o &quot;D:\home\site\deployments\tools&quot; --node" date="2017-02-26T12:48:36.095" /><!-- duration: 0ms -->
        </step><!-- duration: 47ms -->
        <step title="Executing external process" date="2017-02-26T12:48:36.189" type="process" path="starter.cmd" arguments="&quot;D:\home\site\deployments\tools\deploy.cmd&quot;" /><!-- duration: 21345ms -->
        <step title="FunctionManager.SyncTriggers" date="2017-02-26T12:48:59.237" >
          <step title="Functions are not enabled for this site." date="2017-02-26T12:48:59.237" /><!-- duration: 0ms -->
        </step><!-- duration: 16ms -->
        <step title="Purge deployment items" date="2017-02-26T12:48:59.799" >
          <step title="Remove 82b710f50, Success, received at 2/26/2017 11:58:59 AM" date="2017-02-26T12:48:59.878" /><!-- duration: 0ms -->
        </step><!-- duration: 94ms -->
      </step><!-- duration: 23938ms -->
    </step><!-- duration: 24438ms -->
    <step title="Cleaning up temp files" date="2017-02-26T12:48:59.940" /><!-- duration: 0ms -->
    <step title="WebHooksManager.PublishEventAsync: PostDeployment" date="2017-02-26T12:48:59.956" /><!-- duration: 63ms -->
  </step><!-- duration: 31441ms -->
</step><!-- duration: 31488ms -->
