<step title="BackgroundTrace" date="2017-02-26T06:45:50.839" instance="25c8fe" url="/deploy" method="POST" >
  <step title="Performing fetch based deployment" date="2017-02-26T06:45:50.976" >
    <step title="Creating temporary deployment" date="2017-02-26T06:45:50.991" /><!-- duration: 89ms -->
    <step title="LibGit2SharpRepository Fetch" date="2017-02-26T06:45:51.494" /><!-- duration: 712ms -->
    <step title="LibGit2SharpRepository Update" date="2017-02-26T06:45:52.206" /><!-- duration: 2730ms -->
    <step title="DeploymentManager.Deploy(id:b7dade96831cec15aa915e510c5eef641d43f35d)" date="2017-02-26T06:45:54.998" >
      <step title="Collecting changeset information" date="2017-02-26T06:45:55.030" /><!-- duration: 47ms -->
      <step title="Updating submodules" date="2017-02-26T06:45:55.092" /><!-- duration: 63ms -->
      <step title="Determining deployment builder" date="2017-02-26T06:45:55.295" >
        <step title="Builder is NodeSiteBuilder" date="2017-02-26T06:45:55.342" /><!-- duration: 0ms -->
      </step><!-- duration: 63ms -->
      <step title="Copying SSH keys" date="2017-02-26T06:45:55.373" /><!-- duration: 16ms -->
      <step title="Building" date="2017-02-26T06:45:55.389" >
        <step title="Generating deployment script" date="2017-02-26T06:45:55.451" >
          <step title="Using cached version of the deployment script for command: -y --no-dot-deployment -r &quot;D:\home\site\repository&quot; -o &quot;D:\home\site\deployments\tools&quot; --node" date="2017-02-26T06:45:55.467" /><!-- duration: 16ms -->
        </step><!-- duration: 31ms -->
        <step title="Executing external process" date="2017-02-26T06:45:55.561" type="process" path="starter.cmd" arguments="&quot;D:\home\site\deployments\tools\deploy.cmd&quot;" /><!-- duration: 9079ms -->
        <step title="FunctionManager.SyncTriggers" date="2017-02-26T06:46:04.734" >
          <step title="Functions are not enabled for this site." date="2017-02-26T06:46:04.734" /><!-- duration: 0ms -->
        </step><!-- duration: 16ms -->
        <step title="Purge deployment items" date="2017-02-26T06:46:05.234" >
          <step title="Remove a6f149a6d, Success, received at 2/26/2017 5:35:34 AM" date="2017-02-26T06:46:05.343" /><!-- duration: 0ms -->
        </step><!-- duration: 109ms -->
      </step><!-- duration: 9986ms -->
    </step><!-- duration: 10392ms -->
    <step title="Cleaning up temp files" date="2017-02-26T06:46:05.390" /><!-- duration: 0ms -->
    <step title="WebHooksManager.PublishEventAsync: PostDeployment" date="2017-02-26T06:46:05.422" /><!-- duration: 31ms -->
  </step><!-- duration: 14493ms -->
</step><!-- duration: 14645ms -->
