<step title="BackgroundTrace" date="2017-02-26T07:00:10.873" instance="25c8fe" url="/deploy" method="POST" >
  <step title="Performing fetch based deployment" date="2017-02-26T07:00:10.888" >
    <step title="Creating temporary deployment" date="2017-02-26T07:00:10.904" /><!-- duration: 47ms -->
    <step title="LibGit2SharpRepository Fetch" date="2017-02-26T07:00:11.282" /><!-- duration: 696ms -->
    <step title="LibGit2SharpRepository Update" date="2017-02-26T07:00:11.977" /><!-- duration: 2578ms -->
    <step title="DeploymentManager.Deploy(id:076bc5267fef8e4d72795baa77202e0055b355e4)" date="2017-02-26T07:00:14.602" >
      <step title="Collecting changeset information" date="2017-02-26T07:00:14.618" /><!-- duration: 31ms -->
      <step title="Updating submodules" date="2017-02-26T07:00:14.649" /><!-- duration: 312ms -->
      <step title="Determining deployment builder" date="2017-02-26T07:00:15.087" >
        <step title="Builder is NodeSiteBuilder" date="2017-02-26T07:00:15.134" /><!-- duration: 0ms -->
      </step><!-- duration: 63ms -->
      <step title="Copying SSH keys" date="2017-02-26T07:00:15.165" /><!-- duration: 16ms -->
      <step title="Building" date="2017-02-26T07:00:15.181" >
        <step title="Generating deployment script" date="2017-02-26T07:00:15.243" >
          <step title="Using cached version of the deployment script for command: -y --no-dot-deployment -r &quot;D:\home\site\repository&quot; -o &quot;D:\home\site\deployments\tools&quot; --node" date="2017-02-26T07:00:15.259" /><!-- duration: 16ms -->
        </step><!-- duration: 31ms -->
        <step title="Executing external process" date="2017-02-26T07:00:15.352" type="process" path="starter.cmd" arguments="&quot;D:\home\site\deployments\tools\deploy.cmd&quot;" /><!-- duration: 9274ms -->
        <step title="FunctionManager.SyncTriggers" date="2017-02-26T07:00:24.704" >
          <step title="Functions are not enabled for this site." date="2017-02-26T07:00:24.720" /><!-- duration: 0ms -->
        </step><!-- duration: 16ms -->
        <step title="Purge deployment items" date="2017-02-26T07:00:25.267" >
          <step title="Remove cbf55ce5b, Success, received at 2/26/2017 5:41:23 AM" date="2017-02-26T07:00:25.376" /><!-- duration: 16ms -->
        </step><!-- duration: 125ms -->
      </step><!-- duration: 10258ms -->
    </step><!-- duration: 10852ms -->
    <step title="Cleaning up temp files" date="2017-02-26T07:00:25.454" /><!-- duration: 16ms -->
    <step title="WebHooksManager.PublishEventAsync: PostDeployment" date="2017-02-26T07:00:25.485" /><!-- duration: 49ms -->
  </step><!-- duration: 14710ms -->
</step><!-- duration: 14757ms -->
