<step title="BackgroundTrace" date="2017-02-26T02:22:25.710" instance="25c8fe" url="/deploy" method="POST" >
  <step title="Performing fetch based deployment" date="2017-02-26T02:22:25.788" >
    <step title="Creating temporary deployment" date="2017-02-26T02:22:25.835" /><!-- duration: 47ms -->
    <step title="LibGit2SharpRepository Fetch" date="2017-02-26T02:22:26.210" /><!-- duration: 547ms -->
    <step title="LibGit2SharpRepository Update" date="2017-02-26T02:22:26.757" /><!-- duration: 1771ms -->
    <step title="DeploymentManager.Deploy(id:4d91c57f793bb0b8cd701a278b74143c1a61f375)" date="2017-02-26T02:22:28.576" >
      <step title="Collecting changeset information" date="2017-02-26T02:22:28.592" /><!-- duration: 47ms -->
      <step title="Updating submodules" date="2017-02-26T02:22:28.639" /><!-- duration: 63ms -->
      <step title="Determining deployment builder" date="2017-02-26T02:22:28.811" >
        <step title="Builder is NodeSiteBuilder" date="2017-02-26T02:22:28.857" /><!-- duration: 16ms -->
      </step><!-- duration: 63ms -->
      <step title="Copying SSH keys" date="2017-02-26T02:22:28.904" /><!-- duration: 0ms -->
      <step title="Building" date="2017-02-26T02:22:28.920" >
        <step title="Generating deployment script" date="2017-02-26T02:22:28.982" >
          <step title="Using cached version of the deployment script for command: -y --no-dot-deployment -r &quot;D:\home\site\repository&quot; -o &quot;D:\home\site\deployments\tools&quot; --node" date="2017-02-26T02:22:28.998" /><!-- duration: 0ms -->
        </step><!-- duration: 31ms -->
        <step title="Executing external process" date="2017-02-26T02:22:29.092" type="process" path="starter.cmd" arguments="&quot;D:\home\site\deployments\tools\deploy.cmd&quot;" /><!-- duration: 7282ms -->
        <step title="FunctionManager.SyncTriggers" date="2017-02-26T02:22:36.468" >
          <step title="Functions are not enabled for this site." date="2017-02-26T02:22:36.483" /><!-- duration: 0ms -->
        </step><!-- duration: 31ms -->
      </step><!-- duration: 7938ms -->
    </step><!-- duration: 8282ms -->
    <step title="Cleaning up temp files" date="2017-02-26T02:22:36.874" /><!-- duration: 0ms -->
    <step title="WebHooksManager.PublishEventAsync: PostDeployment" date="2017-02-26T02:22:36.921" /><!-- duration: 33ms -->
  </step><!-- duration: 11306ms -->
</step><!-- duration: 11400ms -->
