<step title="BackgroundTrace" date="2017-02-26T11:31:31.613" instance="25c8fe" url="/deploy" method="POST" >
  <step title="Performing fetch based deployment" date="2017-02-26T11:31:31.629" >
    <step title="Creating temporary deployment" date="2017-02-26T11:31:31.645" /><!-- duration: 65ms -->
    <step title="LibGit2SharpRepository Fetch" date="2017-02-26T11:31:32.069" /><!-- duration: 951ms -->
    <step title="LibGit2SharpRepository Update" date="2017-02-26T11:31:33.020" /><!-- duration: 5545ms -->
    <step title="DeploymentManager.Deploy(id:09a240b588fa8b5a5d77d1979d23f1292df8d8db)" date="2017-02-26T11:31:38.659" >
      <step title="Collecting changeset information" date="2017-02-26T11:31:38.675" /><!-- duration: 62ms -->
      <step title="Updating submodules" date="2017-02-26T11:31:38.737" /><!-- duration: 63ms -->
      <step title="Determining deployment builder" date="2017-02-26T11:31:38.913" >
        <step title="Builder is NodeSiteBuilder" date="2017-02-26T11:31:39.007" /><!-- duration: 0ms -->
      </step><!-- duration: 109ms -->
      <step title="Copying SSH keys" date="2017-02-26T11:31:39.069" /><!-- duration: 16ms -->
      <step title="Building" date="2017-02-26T11:31:39.085" >
        <step title="Generating deployment script" date="2017-02-26T11:31:39.148" >
          <step title="Using cached version of the deployment script for command: -y --no-dot-deployment -r &quot;D:\home\site\repository&quot; -o &quot;D:\home\site\deployments\tools&quot; --node" date="2017-02-26T11:31:39.179" /><!-- duration: 16ms -->
        </step><!-- duration: 47ms -->
        <step title="Executing external process" date="2017-02-26T11:31:39.304" type="process" path="starter.cmd" arguments="&quot;D:\home\site\deployments\tools\deploy.cmd&quot;" /><!-- duration: 14540ms -->
        <step title="FunctionManager.SyncTriggers" date="2017-02-26T11:31:53.938" >
          <step title="Functions are not enabled for this site." date="2017-02-26T11:31:53.938" /><!-- duration: 16ms -->
        </step><!-- duration: 16ms -->
        <step title="Purge deployment items" date="2017-02-26T11:31:54.469" >
          <step title="Remove 40e436f70, Success, received at 2/26/2017 9:32:32 AM" date="2017-02-26T11:31:54.547" /><!-- duration: 16ms -->
        </step><!-- duration: 94ms -->
      </step><!-- duration: 15493ms -->
    </step><!-- duration: 15935ms -->
    <step title="Cleaning up temp files" date="2017-02-26T11:31:54.594" /><!-- duration: 16ms -->
    <step title="WebHooksManager.PublishEventAsync: PostDeployment" date="2017-02-26T11:31:54.625" /><!-- duration: 31ms -->
  </step><!-- duration: 23405ms -->
</step><!-- duration: 23436ms -->
