<step title="Incoming Request" date="2017-02-26T01:22:41.562" instance="25c8fe" url="/api/deployments/latest?deployer=GitHub&amp;time=2017-02-26_01-21-48Z" method="GET" type="request" pid="6980,2,12" Connection="Keep-Alive" Host="peer-mlh.scm.azurewebsites.net" User-Agent="Azure-WebSites-Controller/60.0.8598.39" x-ms-request-id="181b9dc7-b744-4660-b53d-05ef4f44206f" X-SITE-DEPLOYMENT-ID="peer-mlh" WAS-DEFAULT-HOSTNAME="peer-mlh.scm.azurewebsites.net" >
  <step title="Cleanup Xml Logs" date="2017-02-26T01:22:41.562" /><!-- duration: 47ms -->
  <step title="DeploymentService.GetResult" date="2017-02-26T01:22:41.625" >
    <step title="DeploymentService.GetLatestDeployment" date="2017-02-26T01:22:41.640" >
      <step title="DeploymentManager.GetResults" date="2017-02-26T01:22:41.640" /><!-- duration: 156ms -->
      <step title="Deployment d5d7eedbda99360a85517d7843f07a87f2ce2d75 is Building" date="2017-02-26T01:22:41.812" /><!-- duration: 16ms -->
    </step><!-- duration: 187ms -->
  </step><!-- duration: 219ms -->
  <step title="Outgoing response" date="2017-02-26T01:22:41.843" type="response" statusCode="202" statusText="Accepted" Server="Microsoft-IIS/8.0" x-ms-request-id="181b9dc7-b744-4660-b53d-05ef4f44206f" Cache-Control="private" X-AspNet-Version="4.0.30319" Location="https://peer-mlh.scm.azurewebsites.net/api/deployments/latest?deployer=GitHub&amp;time=2017-02-26_01-21-48Z" Content-Type="application/json; charset=utf-8" /><!-- duration: 16ms -->
</step><!-- duration: 297ms -->
