<step title="BackgroundTrace" date="2017-02-26T09:32:28.157" instance="25c8fe" url="/deploy" method="POST" >
  <step title="Performing fetch based deployment" date="2017-02-26T09:32:28.157" >
    <step title="Creating temporary deployment" date="2017-02-26T09:32:28.172" /><!-- duration: 47ms -->
    <step title="LibGit2SharpRepository Fetch" date="2017-02-26T09:32:28.516" /><!-- duration: 819ms -->
    <step title="LibGit2SharpRepository Update" date="2017-02-26T09:32:29.335" /><!-- duration: 2754ms -->
    <step title="DeploymentManager.Deploy(id:40e436f7013e8a1c174f56455f6a3810f2fdf430)" date="2017-02-26T09:32:32.155" >
      <step title="Collecting changeset information" date="2017-02-26T09:32:32.218" /><!-- duration: 64ms -->
      <step title="Updating submodules" date="2017-02-26T09:32:32.297" /><!-- duration: 63ms -->
      <step title="Determining deployment builder" date="2017-02-26T09:32:32.490" >
        <step title="Builder is NodeSiteBuilder" date="2017-02-26T09:32:32.555" /><!-- duration: 0ms -->
      </step><!-- duration: 64ms -->
      <step title="Copying SSH keys" date="2017-02-26T09:32:32.586" /><!-- duration: 15ms -->
      <step title="Building" date="2017-02-26T09:32:32.601" >
        <step title="Generating deployment script" date="2017-02-26T09:32:32.664" >
          <step title="Using cached version of the deployment script for command: -y --no-dot-deployment -r &quot;D:\home\site\repository&quot; -o &quot;D:\home\site\deployments\tools&quot; --node" date="2017-02-26T09:32:32.695" /><!-- duration: 15ms -->
        </step><!-- duration: 62ms -->
        <step title="Executing external process" date="2017-02-26T09:32:32.805" type="process" path="starter.cmd" arguments="&quot;D:\home\site\deployments\tools\deploy.cmd&quot;" /><!-- duration: 8934ms -->
        <step title="FunctionManager.SyncTriggers" date="2017-02-26T09:32:41.801" >
          <step title="Functions are not enabled for this site." date="2017-02-26T09:32:41.801" /><!-- duration: 0ms -->
        </step><!-- duration: 31ms -->
        <step title="Purge deployment items" date="2017-02-26T09:32:42.238" >
          <step title="Remove df8e56ba7, Success, received at 2/26/2017 8:46:27 AM" date="2017-02-26T09:32:42.316" /><!-- duration: 0ms -->
        </step><!-- duration: 94ms -->
      </step><!-- duration: 9746ms -->
    </step><!-- duration: 10208ms -->
    <step title="Cleaning up temp files" date="2017-02-26T09:32:42.363" /><!-- duration: 31ms -->
    <step title="WebHooksManager.PublishEventAsync: PostDeployment" date="2017-02-26T09:32:42.410" /><!-- duration: 16ms -->
  </step><!-- duration: 14332ms -->
</step><!-- duration: 14347ms -->
