<step title="BackgroundTrace" date="2017-02-26T12:20:46.479" instance="25c8fe" url="/deploy" method="POST" >
  <step title="Performing fetch based deployment" date="2017-02-26T12:20:46.494" >
    <step title="Creating temporary deployment" date="2017-02-26T12:20:46.510" /><!-- duration: 47ms -->
    <step title="LibGit2SharpRepository Fetch" date="2017-02-26T12:20:46.909" /><!-- duration: 877ms -->
    <step title="LibGit2SharpRepository Update" date="2017-02-26T12:20:47.785" /><!-- duration: 6000ms -->
    <step title="DeploymentManager.Deploy(id:fe7c2ce256a160f467eb7ac31bceaf50e340cc07)" date="2017-02-26T12:20:54.239" >
      <step title="Collecting changeset information" date="2017-02-26T12:20:54.270" /><!-- duration: 2250ms -->
      <step title="Updating submodules" date="2017-02-26T12:20:56.535" /><!-- duration: 625ms -->
      <step title="Determining deployment builder" date="2017-02-26T12:20:57.301" >
        <step title="Builder is NodeSiteBuilder" date="2017-02-26T12:20:57.379" /><!-- duration: 0ms -->
      </step><!-- duration: 94ms -->
      <step title="Copying SSH keys" date="2017-02-26T12:20:57.504" /><!-- duration: 16ms -->
      <step title="Building" date="2017-02-26T12:20:57.520" >
        <step title="Generating deployment script" date="2017-02-26T12:20:57.582" >
          <step title="Using cached version of the deployment script for command: -y --no-dot-deployment -r &quot;D:\home\site\repository&quot; -o &quot;D:\home\site\deployments\tools&quot; --node" date="2017-02-26T12:20:57.613" /><!-- duration: 0ms -->
        </step><!-- duration: 47ms -->
        <step title="Executing external process" date="2017-02-26T12:20:57.691" type="process" path="starter.cmd" arguments="&quot;D:\home\site\deployments\tools\deploy.cmd&quot;" /><!-- duration: 26132ms -->
        <step title="FunctionManager.SyncTriggers" date="2017-02-26T12:21:23.886" >
          <step title="Functions are not enabled for this site." date="2017-02-26T12:21:23.901" /><!-- duration: 0ms -->
        </step><!-- duration: 16ms -->
        <step title="Purge deployment items" date="2017-02-26T12:21:24.870" >
          <step title="Remove 09a240b58, Success, received at 2/26/2017 11:31:38 AM" date="2017-02-26T12:21:25.089" /><!-- duration: 0ms -->
        </step><!-- duration: 234ms -->
      </step><!-- duration: 27647ms -->
    </step><!-- duration: 30944ms -->
    <step title="Cleaning up temp files" date="2017-02-26T12:21:25.198" /><!-- duration: 16ms -->
    <step title="WebHooksManager.PublishEventAsync: PostDeployment" date="2017-02-26T12:21:25.245" /><!-- duration: 62ms -->
  </step><!-- duration: 38876ms -->
</step><!-- duration: 38938ms -->
