<step title="BackgroundTrace" date="2017-02-26T06:35:27.536" instance="25c8fe" url="/deploy" method="POST" >
  <step title="Performing fetch based deployment" date="2017-02-26T06:35:27.552" >
    <step title="Creating temporary deployment" date="2017-02-26T06:35:27.552" /><!-- duration: 65ms -->
    <step title="LibGit2SharpRepository Fetch" date="2017-02-26T06:35:27.913" /><!-- duration: 631ms -->
    <step title="LibGit2SharpRepository Update" date="2017-02-26T06:35:28.544" /><!-- duration: 2690ms -->
    <step title="DeploymentManager.Deploy(id:bf8bee48d81df23127de6c81a9810250e6de0d7b)" date="2017-02-26T06:35:31.296" >
      <step title="Collecting changeset information" date="2017-02-26T06:35:31.312" /><!-- duration: 47ms -->
      <step title="Updating submodules" date="2017-02-26T06:35:31.374" /><!-- duration: 62ms -->
      <step title="Determining deployment builder" date="2017-02-26T06:35:31.546" >
        <step title="Builder is NodeSiteBuilder" date="2017-02-26T06:35:31.640" /><!-- duration: 16ms -->
      </step><!-- duration: 109ms -->
      <step title="Copying SSH keys" date="2017-02-26T06:35:31.703" /><!-- duration: 0ms -->
      <step title="Building" date="2017-02-26T06:35:31.703" >
        <step title="Generating deployment script" date="2017-02-26T06:35:31.765" >
          <step title="Using cached version of the deployment script for command: -y --no-dot-deployment -r &quot;D:\home\site\repository&quot; -o &quot;D:\home\site\deployments\tools&quot; --node" date="2017-02-26T06:35:31.781" /><!-- duration: 16ms -->
        </step><!-- duration: 31ms -->
        <step title="Executing external process" date="2017-02-26T06:35:31.922" type="process" path="starter.cmd" arguments="&quot;D:\home\site\deployments\tools\deploy.cmd&quot;" /><!-- duration: 9092ms -->
        <step title="FunctionManager.SyncTriggers" date="2017-02-26T06:35:41.092" >
          <step title="Functions are not enabled for this site." date="2017-02-26T06:35:41.092" /><!-- duration: 0ms -->
        </step><!-- duration: 16ms -->
        <step title="Purge deployment items" date="2017-02-26T06:35:41.579" >
          <step title="Remove 4d91c57f7, Success, received at 2/26/2017 2:22:28 AM" date="2017-02-26T06:35:41.657" /><!-- duration: 0ms -->
        </step><!-- duration: 94ms -->
      </step><!-- duration: 9986ms -->
    </step><!-- duration: 10424ms -->
    <step title="Cleaning up temp files" date="2017-02-26T06:35:41.720" /><!-- duration: 0ms -->
    <step title="WebHooksManager.PublishEventAsync: PostDeployment" date="2017-02-26T06:35:41.751" /><!-- duration: 16ms -->
  </step><!-- duration: 14293ms -->
</step><!-- duration: 14324ms -->
