<step title="BackgroundTrace" date="2017-02-26T11:58:52.397" instance="25c8fe" url="/deploy" method="POST" >
  <step title="Performing fetch based deployment" date="2017-02-26T11:58:52.459" >
    <step title="Creating temporary deployment" date="2017-02-26T11:58:52.459" /><!-- duration: 47ms -->
    <step title="LibGit2SharpRepository Fetch" date="2017-02-26T11:58:52.882" /><!-- duration: 1019ms -->
    <step title="LibGit2SharpRepository Update" date="2017-02-26T11:58:53.901" /><!-- duration: 5192ms -->
    <step title="DeploymentManager.Deploy(id:82b710f50871783048e822a0df6908fd48d6d5f0)" date="2017-02-26T11:58:59.203" >
      <step title="Collecting changeset information" date="2017-02-26T11:58:59.203" /><!-- duration: 47ms -->
      <step title="Updating submodules" date="2017-02-26T11:58:59.265" /><!-- duration: 63ms -->
      <step title="Determining deployment builder" date="2017-02-26T11:58:59.455" >
        <step title="Builder is NodeSiteBuilder" date="2017-02-26T11:58:59.518" /><!-- duration: 16ms -->
      </step><!-- duration: 78ms -->
      <step title="Copying SSH keys" date="2017-02-26T11:58:59.564" /><!-- duration: 16ms -->
      <step title="Building" date="2017-02-26T11:58:59.580" >
        <step title="Generating deployment script" date="2017-02-26T11:58:59.658" >
          <step title="Using cached version of the deployment script for command: -y --no-dot-deployment -r &quot;D:\home\site\repository&quot; -o &quot;D:\home\site\deployments\tools&quot; --node" date="2017-02-26T11:58:59.674" /><!-- duration: 16ms -->
        </step><!-- duration: 31ms -->
        <step title="Executing external process" date="2017-02-26T11:58:59.768" type="process" path="starter.cmd" arguments="&quot;D:\home\site\deployments\tools\deploy.cmd&quot;" /><!-- duration: 15199ms -->
        <step title="FunctionManager.SyncTriggers" date="2017-02-26T11:59:15.029" >
          <step title="Functions are not enabled for this site." date="2017-02-26T11:59:15.029" /><!-- duration: 16ms -->
        </step><!-- duration: 16ms -->
        <step title="Purge deployment items" date="2017-02-26T11:59:16.482" >
          <step title="Remove e5ad188b8, Success, received at 2/26/2017 10:22:37 AM" date="2017-02-26T11:59:16.623" /><!-- duration: 16ms -->
        </step><!-- duration: 156ms -->
      </step><!-- duration: 17105ms -->
    </step><!-- duration: 17498ms -->
    <step title="Cleaning up temp files" date="2017-02-26T11:59:16.701" /><!-- duration: 16ms -->
    <step title="WebHooksManager.PublishEventAsync: PostDeployment" date="2017-02-26T11:59:16.732" /><!-- duration: 47ms -->
  </step><!-- duration: 24633ms -->
</step><!-- duration: 24757ms -->
