<step title="BackgroundTrace" date="2017-02-26T11:56:46.461" instance="25c8fe" url="/deploy" method="POST" >
  <step title="Performing fetch based deployment" date="2017-02-26T11:56:46.477" >
    <step title="Creating temporary deployment" date="2017-02-26T11:56:46.477" /><!-- duration: 47ms -->
    <step title="LibGit2SharpRepository Fetch" date="2017-02-26T11:56:46.852" /><!-- duration: 900ms -->
    <step title="LibGit2SharpRepository Update" date="2017-02-26T11:56:47.751" /><!-- duration: 5034ms -->
    <step title="DeploymentManager.Deploy(id:3f121c2518a2a5ca4d6ebc19846b91bde524f48a)" date="2017-02-26T11:56:52.879" >
      <step title="Collecting changeset information" date="2017-02-26T11:56:52.895" /><!-- duration: 78ms -->
      <step title="Updating submodules" date="2017-02-26T11:56:52.988" /><!-- duration: 63ms -->
      <step title="Determining deployment builder" date="2017-02-26T11:56:53.176" >
        <step title="Builder is NodeSiteBuilder" date="2017-02-26T11:56:53.254" /><!-- duration: 0ms -->
      </step><!-- duration: 94ms -->
      <step title="Copying SSH keys" date="2017-02-26T11:56:53.317" /><!-- duration: 0ms -->
      <step title="Building" date="2017-02-26T11:56:53.317" >
        <step title="Generating deployment script" date="2017-02-26T11:56:53.381" >
          <step title="Using cached version of the deployment script for command: -y --no-dot-deployment -r &quot;D:\home\site\repository&quot; -o &quot;D:\home\site\deployments\tools&quot; --node" date="2017-02-26T11:56:53.413" /><!-- duration: 0ms -->
        </step><!-- duration: 47ms -->
        <step title="Executing external process" date="2017-02-26T11:56:53.522" type="process" path="starter.cmd" arguments="&quot;D:\home\site\deployments\tools\deploy.cmd&quot;" /><!-- duration: 14360ms -->
        <step title="FunctionManager.SyncTriggers" date="2017-02-26T11:57:07.960" >
          <step title="Functions are not enabled for this site." date="2017-02-26T11:57:07.976" /><!-- duration: 16ms -->
        </step><!-- duration: 31ms -->
        <step title="Purge deployment items" date="2017-02-26T11:57:08.523" >
          <step title="Remove a93d82c13, Success, received at 2/26/2017 10:16:01 AM" date="2017-02-26T11:57:08.633" /><!-- duration: 0ms -->
        </step><!-- duration: 110ms -->
      </step><!-- duration: 15350ms -->
    </step><!-- duration: 15787ms -->
    <step title="Cleaning up temp files" date="2017-02-26T11:57:08.666" /><!-- duration: 16ms -->
    <step title="WebHooksManager.PublishEventAsync: PostDeployment" date="2017-02-26T11:57:08.729" /><!-- duration: 15ms -->
  </step><!-- duration: 22362ms -->
</step><!-- duration: 22393ms -->
