<step title="BackgroundTrace" date="2017-02-26T08:49:08.616" instance="25c8fe" url="/deploy" method="POST" >
  <step title="Performing fetch based deployment" date="2017-02-26T08:49:08.632" >
    <step title="Creating temporary deployment" date="2017-02-26T08:49:08.632" /><!-- duration: 78ms -->
    <step title="LibGit2SharpRepository Fetch" date="2017-02-26T08:49:09.054" /><!-- duration: 768ms -->
    <step title="LibGit2SharpRepository Update" date="2017-02-26T08:49:09.821" /><!-- duration: 2932ms -->
    <step title="DeploymentManager.Deploy(id:f83d4674475071ba8c48cb0e454a22740919dc46)" date="2017-02-26T08:49:12.832" >
      <step title="Collecting changeset information" date="2017-02-26T08:49:12.847" /><!-- duration: 47ms -->
      <step title="Updating submodules" date="2017-02-26T08:49:12.894" /><!-- duration: 63ms -->
      <step title="Determining deployment builder" date="2017-02-26T08:49:13.066" >
        <step title="Builder is NodeSiteBuilder" date="2017-02-26T08:49:13.129" /><!-- duration: 16ms -->
      </step><!-- duration: 78ms -->
      <step title="Copying SSH keys" date="2017-02-26T08:49:13.176" /><!-- duration: 0ms -->
      <step title="Building" date="2017-02-26T08:49:13.176" >
        <step title="Generating deployment script" date="2017-02-26T08:49:13.254" >
          <step title="Using cached version of the deployment script for command: -y --no-dot-deployment -r &quot;D:\home\site\repository&quot; -o &quot;D:\home\site\deployments\tools&quot; --node" date="2017-02-26T08:49:13.269" /><!-- duration: 16ms -->
        </step><!-- duration: 31ms -->
        <step title="Executing external process" date="2017-02-26T08:49:13.363" type="process" path="starter.cmd" arguments="&quot;D:\home\site\deployments\tools\deploy.cmd&quot;" /><!-- duration: 9899ms -->
        <step title="FunctionManager.SyncTriggers" date="2017-02-26T08:49:23.325" >
          <step title="Functions are not enabled for this site." date="2017-02-26T08:49:23.340" /><!-- duration: 0ms -->
        </step><!-- duration: 31ms -->
        <step title="Purge deployment items" date="2017-02-26T08:49:23.825" >
          <step title="Remove b026c6145, Success, received at 2/26/2017 7:58:45 AM" date="2017-02-26T08:49:23.918" /><!-- duration: 0ms -->
        </step><!-- duration: 94ms -->
      </step><!-- duration: 10774ms -->
    </step><!-- duration: 11118ms -->
    <step title="Cleaning up temp files" date="2017-02-26T08:49:23.965" /><!-- duration: 0ms -->
    <step title="WebHooksManager.PublishEventAsync: PostDeployment" date="2017-02-26T08:49:23.996" /><!-- duration: 32ms -->
  </step><!-- duration: 15447ms -->
</step><!-- duration: 15493ms -->
