<step title="BackgroundTrace" date="2017-02-26T07:07:14.476" instance="25c8fe" url="/deploy" method="POST" >
  <step title="Performing fetch based deployment" date="2017-02-26T07:07:14.491" >
    <step title="Creating temporary deployment" date="2017-02-26T07:07:14.491" /><!-- duration: 62ms -->
    <step title="LibGit2SharpRepository Fetch" date="2017-02-26T07:07:14.851" /><!-- duration: 647ms -->
    <step title="LibGit2SharpRepository Update" date="2017-02-26T07:07:15.514" /><!-- duration: 2779ms -->
    <step title="DeploymentManager.Deploy(id:58eb37edbc8d99966329dfd141d9ef6b9ce4017a)" date="2017-02-26T07:07:18.355" >
      <step title="Collecting changeset information" date="2017-02-26T07:07:18.371" /><!-- duration: 62ms -->
      <step title="Updating submodules" date="2017-02-26T07:07:18.449" /><!-- duration: 63ms -->
      <step title="Determining deployment builder" date="2017-02-26T07:07:18.746" >
        <step title="Builder is NodeSiteBuilder" date="2017-02-26T07:07:18.840" /><!-- duration: 0ms -->
      </step><!-- duration: 109ms -->
      <step title="Copying SSH keys" date="2017-02-26T07:07:18.903" /><!-- duration: 0ms -->
      <step title="Building" date="2017-02-26T07:07:18.918" >
        <step title="Generating deployment script" date="2017-02-26T07:07:18.980" >
          <step title="Using cached version of the deployment script for command: -y --no-dot-deployment -r &quot;D:\home\site\repository&quot; -o &quot;D:\home\site\deployments\tools&quot; --node" date="2017-02-26T07:07:18.996" /><!-- duration: 16ms -->
        </step><!-- duration: 31ms -->
        <step title="Executing external process" date="2017-02-26T07:07:19.199" type="process" path="starter.cmd" arguments="&quot;D:\home\site\deployments\tools\deploy.cmd&quot;" /><!-- duration: 9973ms -->
        <step title="FunctionManager.SyncTriggers" date="2017-02-26T07:07:29.250" >
          <step title="Functions are not enabled for this site." date="2017-02-26T07:07:29.250" /><!-- duration: 16ms -->
        </step><!-- duration: 16ms -->
        <step title="Purge deployment items" date="2017-02-26T07:07:29.688" >
          <step title="Remove 9626d758f, Success, received at 2/26/2017 6:08:57 AM" date="2017-02-26T07:07:29.766" /><!-- duration: 0ms -->
        </step><!-- duration: 78ms -->
      </step><!-- duration: 10895ms -->
    </step><!-- duration: 11457ms -->
    <step title="Cleaning up temp files" date="2017-02-26T07:07:29.828" /><!-- duration: 0ms -->
    <step title="WebHooksManager.PublishEventAsync: PostDeployment" date="2017-02-26T07:07:29.859" /><!-- duration: 16ms -->
  </step><!-- duration: 15415ms -->
</step><!-- duration: 15446ms -->
