<step title="BackgroundTrace" date="2017-02-26T10:15:55.283" instance="25c8fe" url="/deploy" method="POST" >
  <step title="Performing fetch based deployment" date="2017-02-26T10:15:55.298" >
    <step title="Creating temporary deployment" date="2017-02-26T10:15:55.314" /><!-- duration: 34ms -->
    <step title="LibGit2SharpRepository Fetch" date="2017-02-26T10:15:55.680" /><!-- duration: 1175ms -->
    <step title="LibGit2SharpRepository Update" date="2017-02-26T10:15:56.855" /><!-- duration: 4668ms -->
    <step title="DeploymentManager.Deploy(id:a93d82c13822e123749ec9f687e4c45455f8e35c)" date="2017-02-26T10:16:01.648" >
      <step title="Collecting changeset information" date="2017-02-26T10:16:01.663" /><!-- duration: 98ms -->
      <step title="Updating submodules" date="2017-02-26T10:16:01.772" /><!-- duration: 78ms -->
      <step title="Determining deployment builder" date="2017-02-26T10:16:01.976" >
        <step title="Builder is NodeSiteBuilder" date="2017-02-26T10:16:02.054" /><!-- duration: 0ms -->
      </step><!-- duration: 94ms -->
      <step title="Copying SSH keys" date="2017-02-26T10:16:02.101" /><!-- duration: 0ms -->
      <step title="Building" date="2017-02-26T10:16:02.101" >
        <step title="Generating deployment script" date="2017-02-26T10:16:02.163" >
          <step title="Using cached version of the deployment script for command: -y --no-dot-deployment -r &quot;D:\home\site\repository&quot; -o &quot;D:\home\site\deployments\tools&quot; --node" date="2017-02-26T10:16:02.179" /><!-- duration: 0ms -->
        </step><!-- duration: 31ms -->
        <step title="Executing external process" date="2017-02-26T10:16:02.241" type="process" path="starter.cmd" arguments="&quot;D:\home\site\deployments\tools\deploy.cmd&quot;" /><!-- duration: 14269ms -->
        <step title="FunctionManager.SyncTriggers" date="2017-02-26T10:16:16.589" >
          <step title="Functions are not enabled for this site." date="2017-02-26T10:16:16.589" /><!-- duration: 16ms -->
        </step><!-- duration: 16ms -->
        <step title="Purge deployment items" date="2017-02-26T10:16:17.057" >
          <step title="Remove 1be3d0864, Success, received at 2/26/2017 9:05:21 AM" date="2017-02-26T10:16:17.167" /><!-- duration: 16ms -->
        </step><!-- duration: 125ms -->
      </step><!-- duration: 15113ms -->
    </step><!-- duration: 15581ms -->
    <step title="Cleaning up temp files" date="2017-02-26T10:16:17.229" /><!-- duration: 0ms -->
    <step title="WebHooksManager.PublishEventAsync: PostDeployment" date="2017-02-26T10:16:17.261" /><!-- duration: 16ms -->
  </step><!-- duration: 22056ms -->
</step><!-- duration: 22103ms -->
