<step title="BackgroundTrace" date="2017-02-26T08:03:32.054" instance="25c8fe" url="/deploy" method="POST" >
  <step title="Performing fetch based deployment" date="2017-02-26T08:03:32.070" >
    <step title="Creating temporary deployment" date="2017-02-26T08:03:32.070" /><!-- duration: 63ms -->
    <step title="LibGit2SharpRepository Fetch" date="2017-02-26T08:03:32.445" /><!-- duration: 737ms -->
    <step title="LibGit2SharpRepository Update" date="2017-02-26T08:03:33.197" /><!-- duration: 3051ms -->
    <step title="DeploymentManager.Deploy(id:4dd1407fd4d1c02381c3bb2ebe5859f6483df64e)" date="2017-02-26T08:03:36.326" >
      <step title="Collecting changeset information" date="2017-02-26T08:03:36.341" /><!-- duration: 62ms -->
      <step title="Updating submodules" date="2017-02-26T08:03:36.419" /><!-- duration: 62ms -->
      <step title="Determining deployment builder" date="2017-02-26T08:03:36.623" >
        <step title="Builder is NodeSiteBuilder" date="2017-02-26T08:03:36.685" /><!-- duration: 0ms -->
      </step><!-- duration: 62ms -->
      <step title="Copying SSH keys" date="2017-02-26T08:03:36.732" /><!-- duration: 16ms -->
      <step title="Building" date="2017-02-26T08:03:36.748" >
        <step title="Generating deployment script" date="2017-02-26T08:03:36.815" >
          <step title="Using cached version of the deployment script for command: -y --no-dot-deployment -r &quot;D:\home\site\repository&quot; -o &quot;D:\home\site\deployments\tools&quot; --node" date="2017-02-26T08:03:36.862" /><!-- duration: 0ms -->
        </step><!-- duration: 47ms -->
        <step title="Executing external process" date="2017-02-26T08:03:36.940" type="process" path="starter.cmd" arguments="&quot;D:\home\site\deployments\tools\deploy.cmd&quot;" /><!-- duration: 9111ms -->
        <step title="FunctionManager.SyncTriggers" date="2017-02-26T08:03:46.129" >
          <step title="Functions are not enabled for this site." date="2017-02-26T08:03:46.129" /><!-- duration: 17ms -->
        </step><!-- duration: 17ms -->
        <step title="Purge deployment items" date="2017-02-26T08:03:46.567" >
          <step title="Remove 0e56fa046, Success, received at 2/26/2017 7:02:55 AM" date="2017-02-26T08:03:46.645" /><!-- duration: 0ms -->
        </step><!-- duration: 93ms -->
      </step><!-- duration: 9944ms -->
    </step><!-- duration: 10366ms -->
    <step title="Cleaning up temp files" date="2017-02-26T08:03:46.707" /><!-- duration: 0ms -->
    <step title="WebHooksManager.PublishEventAsync: PostDeployment" date="2017-02-26T08:03:46.739" /><!-- duration: 31ms -->
  </step><!-- duration: 14731ms -->
</step><!-- duration: 14778ms -->
