<step title="BackgroundTrace" date="2017-02-26T09:12:41.877" instance="25c8fe" url="/deploy" method="POST" >
  <step title="Performing fetch based deployment" date="2017-02-26T09:12:41.892" >
    <step title="Creating temporary deployment" date="2017-02-26T09:12:41.892" /><!-- duration: 63ms -->
    <step title="LibGit2SharpRepository Fetch" date="2017-02-26T09:12:42.267" /><!-- duration: 723ms -->
    <step title="LibGit2SharpRepository Update" date="2017-02-26T09:12:42.991" /><!-- duration: 2884ms -->
    <step title="DeploymentManager.Deploy(id:2c4c2c4be28b9f5307c8b1811575223159181413)" date="2017-02-26T09:12:45.969" >
      <step title="Collecting changeset information" date="2017-02-26T09:12:45.984" /><!-- duration: 62ms -->
      <step title="Updating submodules" date="2017-02-26T09:12:46.047" /><!-- duration: 94ms -->
      <step title="Determining deployment builder" date="2017-02-26T09:12:46.268" >
        <step title="Builder is NodeSiteBuilder" date="2017-02-26T09:12:46.315" /><!-- duration: 0ms -->
      </step><!-- duration: 47ms -->
      <step title="Copying SSH keys" date="2017-02-26T09:12:46.346" /><!-- duration: 0ms -->
      <step title="Building" date="2017-02-26T09:12:46.362" >
        <step title="Generating deployment script" date="2017-02-26T09:12:46.424" >
          <step title="Using cached version of the deployment script for command: -y --no-dot-deployment -r &quot;D:\home\site\repository&quot; -o &quot;D:\home\site\deployments\tools&quot; --node" date="2017-02-26T09:12:46.455" /><!-- duration: 0ms -->
        </step><!-- duration: 47ms -->
        <step title="Executing external process" date="2017-02-26T09:12:46.533" type="process" path="starter.cmd" arguments="&quot;D:\home\site\deployments\tools\deploy.cmd&quot;" /><!-- duration: 9368ms -->
        <step title="FunctionManager.SyncTriggers" date="2017-02-26T09:12:55.963" >
          <step title="Functions are not enabled for this site." date="2017-02-26T09:12:55.963" /><!-- duration: 0ms -->
        </step><!-- duration: 16ms -->
        <step title="Purge deployment items" date="2017-02-26T09:12:56.463" >
          <step title="Remove 127e712ce, Success, received at 2/26/2017 8:40:46 AM" date="2017-02-26T09:12:56.525" /><!-- duration: 16ms -->
        </step><!-- duration: 78ms -->
      </step><!-- duration: 10211ms -->
    </step><!-- duration: 10604ms -->
    <step title="Cleaning up temp files" date="2017-02-26T09:12:56.572" /><!-- duration: 16ms -->
    <step title="WebHooksManager.PublishEventAsync: PostDeployment" date="2017-02-26T09:12:56.603" /><!-- duration: 31ms -->
  </step><!-- duration: 14899ms -->
</step><!-- duration: 14961ms -->
