<step title="BackgroundTrace" date="2017-02-26T08:57:20.518" instance="25c8fe" url="/deploy" method="POST" >
  <step title="Performing fetch based deployment" date="2017-02-26T08:57:20.649" >
    <step title="Creating temporary deployment" date="2017-02-26T08:57:20.649" /><!-- duration: 63ms -->
    <step title="LibGit2SharpRepository Fetch" date="2017-02-26T08:57:21.105" /><!-- duration: 791ms -->
    <step title="LibGit2SharpRepository Update" date="2017-02-26T08:57:21.896" /><!-- duration: 2909ms -->
    <step title="DeploymentManager.Deploy(id:6a1b04b8011aa5fab88662ebddb633977a169130)" date="2017-02-26T08:57:24.884" >
      <step title="Collecting changeset information" date="2017-02-26T08:57:24.900" /><!-- duration: 47ms -->
      <step title="Updating submodules" date="2017-02-26T08:57:24.962" /><!-- duration: 62ms -->
      <step title="Determining deployment builder" date="2017-02-26T08:57:25.181" >
        <step title="Builder is NodeSiteBuilder" date="2017-02-26T08:57:25.243" /><!-- duration: 0ms -->
      </step><!-- duration: 62ms -->
      <step title="Copying SSH keys" date="2017-02-26T08:57:25.290" /><!-- duration: 16ms -->
      <step title="Building" date="2017-02-26T08:57:25.306" >
        <step title="Generating deployment script" date="2017-02-26T08:57:25.353" >
          <step title="Using cached version of the deployment script for command: -y --no-dot-deployment -r &quot;D:\home\site\repository&quot; -o &quot;D:\home\site\deployments\tools&quot; --node" date="2017-02-26T08:57:25.384" /><!-- duration: 0ms -->
        </step><!-- duration: 47ms -->
        <step title="Executing external process" date="2017-02-26T08:57:25.462" type="process" path="starter.cmd" arguments="&quot;D:\home\site\deployments\tools\deploy.cmd&quot;" /><!-- duration: 9120ms -->
        <step title="FunctionManager.SyncTriggers" date="2017-02-26T08:57:34.676" >
          <step title="Functions are not enabled for this site." date="2017-02-26T08:57:34.676" /><!-- duration: 18ms -->
        </step><!-- duration: 33ms -->
        <step title="Purge deployment items" date="2017-02-26T08:57:35.184" >
          <step title="Remove c277ff71a, Success, received at 2/26/2017 8:06:23 AM" date="2017-02-26T08:57:35.279" /><!-- duration: 0ms -->
        </step><!-- duration: 112ms -->
      </step><!-- duration: 10006ms -->
    </step><!-- duration: 10443ms -->
    <step title="Cleaning up temp files" date="2017-02-26T08:57:35.327" /><!-- duration: 23ms -->
    <step title="WebHooksManager.PublishEventAsync: PostDeployment" date="2017-02-26T08:57:35.366" /><!-- duration: 31ms -->
  </step><!-- duration: 14779ms -->
</step><!-- duration: 14926ms -->
