<step title="BackgroundTrace" date="2017-02-26T14:50:52.440" instance="25c8fe" url="/deploy" method="POST" >
  <step title="Performing fetch based deployment" date="2017-02-26T14:50:52.456" >
    <step title="Creating temporary deployment" date="2017-02-26T14:50:52.456" /><!-- duration: 94ms -->
    <step title="LibGit2SharpRepository Fetch" date="2017-02-26T14:50:52.940" /><!-- duration: 940ms -->
    <step title="LibGit2SharpRepository Update" date="2017-02-26T14:50:53.898" /><!-- duration: 5851ms -->
    <step title="DeploymentManager.Deploy(id:66503640b78baab02a28525690600c25d62b6b7d)" date="2017-02-26T14:50:59.858" >
      <step title="Collecting changeset information" date="2017-02-26T14:50:59.858" /><!-- duration: 47ms -->
      <step title="Updating submodules" date="2017-02-26T14:50:59.921" /><!-- duration: 62ms -->
      <step title="Determining deployment builder" date="2017-02-26T14:51:00.084" >
        <step title="Builder is NodeSiteBuilder" date="2017-02-26T14:51:00.147" /><!-- duration: 16ms -->
      </step><!-- duration: 78ms -->
      <step title="Copying SSH keys" date="2017-02-26T14:51:00.209" /><!-- duration: 16ms -->
      <step title="Building" date="2017-02-26T14:51:00.225" >
        <step title="Generating deployment script" date="2017-02-26T14:51:00.287" >
          <step title="Using cached version of the deployment script for command: -y --no-dot-deployment -r &quot;D:\home\site\repository&quot; -o &quot;D:\home\site\deployments\tools&quot; --node" date="2017-02-26T14:51:00.303" /><!-- duration: 16ms -->
        </step><!-- duration: 31ms -->
        <step title="Executing external process" date="2017-02-26T14:51:00.412" type="process" path="starter.cmd" arguments="&quot;D:\home\site\deployments\tools\deploy.cmd&quot;" /><!-- duration: 15556ms -->
        <step title="FunctionManager.SyncTriggers" date="2017-02-26T14:51:16.030" >
          <step title="Functions are not enabled for this site." date="2017-02-26T14:51:16.046" /><!-- duration: 15ms -->
        </step><!-- duration: 31ms -->
        <step title="Purge deployment items" date="2017-02-26T14:51:18.562" >
          <step title="Remove 7ad5670f0, Success, received at 2/26/2017 12:43:43 PM" date="2017-02-26T14:51:18.749" /><!-- duration: 0ms -->
        </step><!-- duration: 203ms -->
      </step><!-- duration: 18602ms -->
    </step><!-- duration: 19000ms -->
    <step title="Cleaning up temp files" date="2017-02-26T14:51:18.858" /><!-- duration: 16ms -->
    <step title="WebHooksManager.PublishEventAsync: PostDeployment" date="2017-02-26T14:51:18.968" /><!-- duration: 63ms -->
  </step><!-- duration: 26684ms -->
</step><!-- duration: 26763ms -->
