<step title="BackgroundTrace" date="2017-02-26T09:18:47.109" instance="25c8fe" url="/deploy" method="POST" >
  <step title="Performing fetch based deployment" date="2017-02-26T09:18:47.125" >
    <step title="Creating temporary deployment" date="2017-02-26T09:18:47.141" /><!-- duration: 78ms -->
    <step title="LibGit2SharpRepository Fetch" date="2017-02-26T09:18:47.548" /><!-- duration: 788ms -->
    <step title="LibGit2SharpRepository Update" date="2017-02-26T09:18:48.336" /><!-- duration: 2957ms -->
    <step title="DeploymentManager.Deploy(id:55ca6d016b900410ab480bc566cb368dd9c1c7e4)" date="2017-02-26T09:18:51.403" >
      <step title="Collecting changeset information" date="2017-02-26T09:18:51.418" /><!-- duration: 63ms -->
      <step title="Updating submodules" date="2017-02-26T09:18:51.496" /><!-- duration: 78ms -->
      <step title="Determining deployment builder" date="2017-02-26T09:18:51.746" >
        <step title="Builder is NodeSiteBuilder" date="2017-02-26T09:18:51.796" /><!-- duration: 13ms -->
      </step><!-- duration: 62ms -->
      <step title="Copying SSH keys" date="2017-02-26T09:18:51.840" /><!-- duration: 0ms -->
      <step title="Building" date="2017-02-26T09:18:51.856" >
        <step title="Generating deployment script" date="2017-02-26T09:18:51.918" >
          <step title="Using cached version of the deployment script for command: -y --no-dot-deployment -r &quot;D:\home\site\repository&quot; -o &quot;D:\home\site\deployments\tools&quot; --node" date="2017-02-26T09:18:51.934" /><!-- duration: 0ms -->
        </step><!-- duration: 31ms -->
        <step title="Executing external process" date="2017-02-26T09:18:52.012" type="process" path="starter.cmd" arguments="&quot;D:\home\site\deployments\tools\deploy.cmd&quot;" /><!-- duration: 8674ms -->
        <step title="FunctionManager.SyncTriggers" date="2017-02-26T09:19:00.764" >
          <step title="Functions are not enabled for this site." date="2017-02-26T09:19:00.764" /><!-- duration: 0ms -->
        </step><!-- duration: 16ms -->
        <step title="Purge deployment items" date="2017-02-26T09:19:01.279" >
          <step title="Remove c61c52354, Success, received at 2/26/2017 8:43:50 AM" date="2017-02-26T09:19:01.357" /><!-- duration: 0ms -->
        </step><!-- duration: 94ms -->
      </step><!-- duration: 9551ms -->
    </step><!-- duration: 10033ms -->
    <step title="Cleaning up temp files" date="2017-02-26T09:19:01.467" /><!-- duration: 0ms -->
    <step title="WebHooksManager.PublishEventAsync: PostDeployment" date="2017-02-26T09:19:01.498" /><!-- duration: 16ms -->
  </step><!-- duration: 14454ms -->
</step><!-- duration: 14486ms -->
