<step title="BackgroundTrace" date="2017-02-26T07:15:08.010" instance="25c8fe" url="/deploy" method="POST" >
  <step title="Performing fetch based deployment" date="2017-02-26T07:15:08.026" >
    <step title="Creating temporary deployment" date="2017-02-26T07:15:08.026" /><!-- duration: 78ms -->
    <step title="LibGit2SharpRepository Fetch" date="2017-02-26T07:15:08.483" /><!-- duration: 735ms -->
    <step title="LibGit2SharpRepository Update" date="2017-02-26T07:15:09.218" /><!-- duration: 2946ms -->
    <step title="DeploymentManager.Deploy(id:c6ca58dc0f6913d8f99cd6d26ea7546c5c46df55)" date="2017-02-26T07:15:12.243" >
      <step title="Collecting changeset information" date="2017-02-26T07:15:12.243" /><!-- duration: 62ms -->
      <step title="Updating submodules" date="2017-02-26T07:15:12.305" /><!-- duration: 62ms -->
      <step title="Determining deployment builder" date="2017-02-26T07:15:12.524" >
        <step title="Builder is NodeSiteBuilder" date="2017-02-26T07:15:12.571" /><!-- duration: 16ms -->
      </step><!-- duration: 62ms -->
      <step title="Copying SSH keys" date="2017-02-26T07:15:12.618" /><!-- duration: 0ms -->
      <step title="Building" date="2017-02-26T07:15:12.618" >
        <step title="Generating deployment script" date="2017-02-26T07:15:12.680" >
          <step title="Using cached version of the deployment script for command: -y --no-dot-deployment -r &quot;D:\home\site\repository&quot; -o &quot;D:\home\site\deployments\tools&quot; --node" date="2017-02-26T07:15:12.696" /><!-- duration: 0ms -->
        </step><!-- duration: 31ms -->
        <step title="Executing external process" date="2017-02-26T07:15:12.790" type="process" path="starter.cmd" arguments="&quot;D:\home\site\deployments\tools\deploy.cmd&quot;" /><!-- duration: 9825ms -->
        <step title="FunctionManager.SyncTriggers" date="2017-02-26T07:15:22.692" >
          <step title="Functions are not enabled for this site." date="2017-02-26T07:15:22.708" /><!-- duration: 0ms -->
        </step><!-- duration: 16ms -->
        <step title="Purge deployment items" date="2017-02-26T07:15:23.256" >
          <step title="Remove 0e91ee9bc, Success, received at 2/26/2017 6:15:24 AM" date="2017-02-26T07:15:23.319" /><!-- duration: 16ms -->
        </step><!-- duration: 78ms -->
      </step><!-- duration: 10763ms -->
    </step><!-- duration: 11154ms -->
    <step title="Cleaning up temp files" date="2017-02-26T07:15:23.397" /><!-- duration: 16ms -->
    <step title="WebHooksManager.PublishEventAsync: PostDeployment" date="2017-02-26T07:15:23.447" /><!-- duration: 16ms -->
  </step><!-- duration: 15538ms -->
</step><!-- duration: 15569ms -->
