<step title="BackgroundTrace" date="2017-02-26T10:34:32.076" instance="25c8fe" url="/deploy" method="POST" >
  <step title="Performing fetch based deployment" date="2017-02-26T10:34:32.092" >
    <step title="Creating temporary deployment" date="2017-02-26T10:34:32.092" /><!-- duration: 63ms -->
    <step title="LibGit2SharpRepository Fetch" date="2017-02-26T10:34:32.516" /><!-- duration: 1075ms -->
    <step title="LibGit2SharpRepository Update" date="2017-02-26T10:34:33.591" /><!-- duration: 4964ms -->
    <step title="DeploymentManager.Deploy(id:720c5004daa0d16a5ed6f5072bcd0c4b0d9bdda0)" date="2017-02-26T10:34:38.649" >
      <step title="Collecting changeset information" date="2017-02-26T10:34:38.665" /><!-- duration: 78ms -->
      <step title="Updating submodules" date="2017-02-26T10:34:38.758" /><!-- duration: 47ms -->
      <step title="Determining deployment builder" date="2017-02-26T10:34:38.915" >
        <step title="Builder is NodeSiteBuilder" date="2017-02-26T10:34:38.993" /><!-- duration: 0ms -->
      </step><!-- duration: 78ms -->
      <step title="Copying SSH keys" date="2017-02-26T10:34:39.024" /><!-- duration: 0ms -->
      <step title="Building" date="2017-02-26T10:34:39.040" >
        <step title="Generating deployment script" date="2017-02-26T10:34:39.118" >
          <step title="Using cached version of the deployment script for command: -y --no-dot-deployment -r &quot;D:\home\site\repository&quot; -o &quot;D:\home\site\deployments\tools&quot; --node" date="2017-02-26T10:34:39.165" /><!-- duration: 16ms -->
        </step><!-- duration: 78ms -->
        <step title="Executing external process" date="2017-02-26T10:34:39.274" type="process" path="starter.cmd" arguments="&quot;D:\home\site\deployments\tools\deploy.cmd&quot;" /><!-- duration: 13452ms -->
        <step title="FunctionManager.SyncTriggers" date="2017-02-26T10:34:52.898" >
          <step title="Functions are not enabled for this site." date="2017-02-26T10:34:52.929" /><!-- duration: 0ms -->
        </step><!-- duration: 31ms -->
        <step title="Purge deployment items" date="2017-02-26T10:34:53.383" >
          <step title="Remove 750303590, Success, received at 2/26/2017 9:11:11 AM" date="2017-02-26T10:34:53.476" /><!-- duration: 0ms -->
        </step><!-- duration: 109ms -->
      </step><!-- duration: 14484ms -->
    </step><!-- duration: 14874ms -->
    <step title="Cleaning up temp files" date="2017-02-26T10:34:53.539" /><!-- duration: 0ms -->
    <step title="WebHooksManager.PublishEventAsync: PostDeployment" date="2017-02-26T10:34:53.570" /><!-- duration: 31ms -->
  </step><!-- duration: 21572ms -->
</step><!-- duration: 21603ms -->
