<step title="BackgroundTrace" date="2017-02-26T08:40:42.700" instance="25c8fe" url="/deploy" method="POST" >
  <step title="Performing fetch based deployment" date="2017-02-26T08:40:42.715" >
    <step title="Creating temporary deployment" date="2017-02-26T08:40:42.715" /><!-- duration: 62ms -->
    <step title="LibGit2SharpRepository Fetch" date="2017-02-26T08:40:43.125" /><!-- duration: 768ms -->
    <step title="LibGit2SharpRepository Update" date="2017-02-26T08:40:43.893" /><!-- duration: 2782ms -->
    <step title="DeploymentManager.Deploy(id:127e712ce1667e67adf377ae7f2914e19b98f5be)" date="2017-02-26T08:40:46.769" >
      <step title="Collecting changeset information" date="2017-02-26T08:40:46.785" /><!-- duration: 94ms -->
      <step title="Updating submodules" date="2017-02-26T08:40:46.878" /><!-- duration: 78ms -->
      <step title="Determining deployment builder" date="2017-02-26T08:40:47.066" >
        <step title="Builder is NodeSiteBuilder" date="2017-02-26T08:40:47.113" /><!-- duration: 16ms -->
      </step><!-- duration: 63ms -->
      <step title="Copying SSH keys" date="2017-02-26T08:40:47.175" /><!-- duration: 0ms -->
      <step title="Building" date="2017-02-26T08:40:47.175" >
        <step title="Generating deployment script" date="2017-02-26T08:40:47.253" >
          <step title="Using cached version of the deployment script for command: -y --no-dot-deployment -r &quot;D:\home\site\repository&quot; -o &quot;D:\home\site\deployments\tools&quot; --node" date="2017-02-26T08:40:47.285" /><!-- duration: 0ms -->
        </step><!-- duration: 47ms -->
        <step title="Executing external process" date="2017-02-26T08:40:47.363" type="process" path="starter.cmd" arguments="&quot;D:\home\site\deployments\tools\deploy.cmd&quot;" /><!-- duration: 10007ms -->
        <step title="FunctionManager.SyncTriggers" date="2017-02-26T08:40:57.432" >
          <step title="Functions are not enabled for this site." date="2017-02-26T08:40:57.448" /><!-- duration: 0ms -->
        </step><!-- duration: 16ms -->
        <step title="Purge deployment items" date="2017-02-26T08:40:57.963" >
          <step title="Remove 99dd59d3a, Success, received at 2/26/2017 7:43:26 AM" date="2017-02-26T08:40:58.026" /><!-- duration: 16ms -->
        </step><!-- duration: 78ms -->
      </step><!-- duration: 10897ms -->
    </step><!-- duration: 11304ms -->
    <step title="Cleaning up temp files" date="2017-02-26T08:40:58.088" /><!-- duration: 0ms -->
    <step title="WebHooksManager.PublishEventAsync: PostDeployment" date="2017-02-26T08:40:58.104" /><!-- duration: 31ms -->
  </step><!-- duration: 15483ms -->
</step><!-- duration: 15514ms -->
