<step title="BackgroundTrace" date="2017-02-26T06:05:35.525" instance="25c8fe" url="/deploy" method="POST" >
  <step title="Performing fetch based deployment" date="2017-02-26T06:05:35.540" >
    <step title="Creating temporary deployment" date="2017-02-26T06:05:35.540" /><!-- duration: 63ms -->
    <step title="LibGit2SharpRepository Fetch" date="2017-02-26T06:05:35.996" /><!-- duration: 761ms -->
    <step title="LibGit2SharpRepository Update" date="2017-02-26T06:05:36.777" /><!-- duration: 2916ms -->
    <step title="DeploymentManager.Deploy(id:c3d39d89552cddd005438276d5c7524c06b3b905)" date="2017-02-26T06:05:39.770" >
      <step title="Collecting changeset information" date="2017-02-26T06:05:39.789" /><!-- duration: 63ms -->
      <step title="Updating submodules" date="2017-02-26T06:05:39.851" /><!-- duration: 63ms -->
      <step title="Determining deployment builder" date="2017-02-26T06:05:40.023" >
        <step title="Builder is NodeSiteBuilder" date="2017-02-26T06:05:40.070" /><!-- duration: 16ms -->
      </step><!-- duration: 62ms -->
      <step title="Copying SSH keys" date="2017-02-26T06:05:40.133" /><!-- duration: 0ms -->
      <step title="Building" date="2017-02-26T06:05:40.148" >
        <step title="Generating deployment script" date="2017-02-26T06:05:40.213" >
          <step title="Using cached version of the deployment script for command: -y --no-dot-deployment -r &quot;D:\home\site\repository&quot; -o &quot;D:\home\site\deployments\tools&quot; --node" date="2017-02-26T06:05:40.244" /><!-- duration: 0ms -->
        </step><!-- duration: 47ms -->
        <step title="Executing external process" date="2017-02-26T06:05:40.338" type="process" path="starter.cmd" arguments="&quot;D:\home\site\deployments\tools\deploy.cmd&quot;" /><!-- duration: 8796ms -->
        <step title="FunctionManager.SyncTriggers" date="2017-02-26T06:05:49.227" >
          <step title="Functions are not enabled for this site." date="2017-02-26T06:05:49.227" /><!-- duration: 16ms -->
        </step><!-- duration: 16ms -->
      </step><!-- duration: 9501ms -->
    </step><!-- duration: 9894ms -->
    <step title="Cleaning up temp files" date="2017-02-26T06:05:49.665" /><!-- duration: 16ms -->
    <step title="WebHooksManager.PublishEventAsync: PostDeployment" date="2017-02-26T06:05:49.696" /><!-- duration: 31ms -->
  </step><!-- duration: 14265ms -->
</step><!-- duration: 14312ms -->
