<step title="BackgroundTrace" date="2017-02-26T08:06:19.331" instance="25c8fe" url="/deploy" method="POST" >
  <step title="Performing fetch based deployment" date="2017-02-26T08:06:19.346" >
    <step title="Creating temporary deployment" date="2017-02-26T08:06:19.362" /><!-- duration: 50ms -->
    <step title="LibGit2SharpRepository Fetch" date="2017-02-26T08:06:19.787" /><!-- duration: 734ms -->
    <step title="LibGit2SharpRepository Update" date="2017-02-26T08:06:20.537" /><!-- duration: 3237ms -->
    <step title="DeploymentManager.Deploy(id:c277ff71aca7cd7bf1e59345c7afc1463acfd3d6)" date="2017-02-26T08:06:23.851" >
      <step title="Collecting changeset information" date="2017-02-26T08:06:23.851" /><!-- duration: 78ms -->
      <step title="Updating submodules" date="2017-02-26T08:06:23.945" /><!-- duration: 62ms -->
      <step title="Determining deployment builder" date="2017-02-26T08:06:24.148" >
        <step title="Builder is NodeSiteBuilder" date="2017-02-26T08:06:24.210" /><!-- duration: 0ms -->
      </step><!-- duration: 62ms -->
      <step title="Copying SSH keys" date="2017-02-26T08:06:24.242" /><!-- duration: 16ms -->
      <step title="Building" date="2017-02-26T08:06:24.257" >
        <step title="Generating deployment script" date="2017-02-26T08:06:24.335" >
          <step title="Using cached version of the deployment script for command: -y --no-dot-deployment -r &quot;D:\home\site\repository&quot; -o &quot;D:\home\site\deployments\tools&quot; --node" date="2017-02-26T08:06:24.367" /><!-- duration: 0ms -->
        </step><!-- duration: 47ms -->
        <step title="Executing external process" date="2017-02-26T08:06:24.476" type="process" path="starter.cmd" arguments="&quot;D:\home\site\deployments\tools\deploy.cmd&quot;" /><!-- duration: 8750ms -->
        <step title="FunctionManager.SyncTriggers" date="2017-02-26T08:06:33.319" >
          <step title="Functions are not enabled for this site." date="2017-02-26T08:06:33.319" /><!-- duration: 0ms -->
        </step><!-- duration: 0ms -->
        <step title="Purge deployment items" date="2017-02-26T08:06:33.819" >
          <step title="Remove c6ca58dc0, Success, received at 2/26/2017 7:15:12 AM" date="2017-02-26T08:06:33.913" /><!-- duration: 0ms -->
        </step><!-- duration: 109ms -->
      </step><!-- duration: 9703ms -->
    </step><!-- duration: 10125ms -->
    <step title="Cleaning up temp files" date="2017-02-26T08:06:33.975" /><!-- duration: 16ms -->
    <step title="WebHooksManager.PublishEventAsync: PostDeployment" date="2017-02-26T08:06:34.022" /><!-- duration: 47ms -->
  </step><!-- duration: 14837ms -->
</step><!-- duration: 14871ms -->
