<step title="BackgroundTrace" date="2017-02-26T09:05:17.437" instance="25c8fe" url="/deploy" method="POST" >
  <step title="Performing fetch based deployment" date="2017-02-26T09:05:17.484" >
    <step title="Creating temporary deployment" date="2017-02-26T09:05:17.484" /><!-- duration: 48ms -->
    <step title="LibGit2SharpRepository Fetch" date="2017-02-26T09:05:17.860" /><!-- duration: 736ms -->
    <step title="LibGit2SharpRepository Update" date="2017-02-26T09:05:18.596" /><!-- duration: 2743ms -->
    <step title="DeploymentManager.Deploy(id:1be3d0864758b11003722a9e4fb797e3a8acc443)" date="2017-02-26T09:05:21.452" >
      <step title="Collecting changeset information" date="2017-02-26T09:05:21.464" /><!-- duration: 62ms -->
      <step title="Updating submodules" date="2017-02-26T09:05:21.542" /><!-- duration: 78ms -->
      <step title="Determining deployment builder" date="2017-02-26T09:05:21.745" >
        <step title="Builder is NodeSiteBuilder" date="2017-02-26T09:05:21.808" /><!-- duration: 0ms -->
      </step><!-- duration: 63ms -->
      <step title="Copying SSH keys" date="2017-02-26T09:05:21.839" /><!-- duration: 16ms -->
      <step title="Building" date="2017-02-26T09:05:21.855" >
        <step title="Generating deployment script" date="2017-02-26T09:05:21.917" >
          <step title="Using cached version of the deployment script for command: -y --no-dot-deployment -r &quot;D:\home\site\repository&quot; -o &quot;D:\home\site\deployments\tools&quot; --node" date="2017-02-26T09:05:21.948" /><!-- duration: 0ms -->
        </step><!-- duration: 47ms -->
        <step title="Executing external process" date="2017-02-26T09:05:22.059" type="process" path="starter.cmd" arguments="&quot;D:\home\site\deployments\tools\deploy.cmd&quot;" /><!-- duration: 8537ms -->
        <step title="FunctionManager.SyncTriggers" date="2017-02-26T09:05:30.673" >
          <step title="Functions are not enabled for this site." date="2017-02-26T09:05:30.673" /><!-- duration: 0ms -->
        </step><!-- duration: 0ms -->
        <step title="Purge deployment items" date="2017-02-26T09:05:31.158" >
          <step title="Remove ae8402a2a, Success, received at 2/26/2017 8:10:26 AM" date="2017-02-26T09:05:31.236" /><!-- duration: 0ms -->
        </step><!-- duration: 94ms -->
      </step><!-- duration: 9428ms -->
    </step><!-- duration: 9863ms -->
    <step title="Cleaning up temp files" date="2017-02-26T09:05:31.314" /><!-- duration: 15ms -->
    <step title="WebHooksManager.PublishEventAsync: PostDeployment" date="2017-02-26T09:05:31.345" /><!-- duration: 31ms -->
  </step><!-- duration: 13955ms -->
</step><!-- duration: 14018ms -->
