<step title="BackgroundTrace" date="2017-02-26T12:47:42.835" instance="25c8fe" url="/deploy" method="POST" >
  <step title="Performing fetch based deployment" date="2017-02-26T12:47:42.853" >
    <step title="Creating temporary deployment" date="2017-02-26T12:47:42.853" /><!-- duration: 78ms -->
    <step title="LibGit2SharpRepository Fetch" date="2017-02-26T12:47:43.214" /><!-- duration: 1012ms -->
    <step title="LibGit2SharpRepository Update" date="2017-02-26T12:47:44.226" /><!-- duration: 5262ms -->
    <step title="DeploymentManager.Deploy(id:c87aca1b84b450756f42eb9ec1ea3912b299b462)" date="2017-02-26T12:47:49.644" >
      <step title="Collecting changeset information" date="2017-02-26T12:47:50.089" /><!-- duration: 63ms -->
      <step title="Updating submodules" date="2017-02-26T12:47:50.168" /><!-- duration: 47ms -->
      <step title="Determining deployment builder" date="2017-02-26T12:47:50.339" >
        <step title="Builder is NodeSiteBuilder" date="2017-02-26T12:47:50.433" /><!-- duration: 16ms -->
      </step><!-- duration: 109ms -->
      <step title="Copying SSH keys" date="2017-02-26T12:47:50.480" /><!-- duration: 0ms -->
      <step title="Building" date="2017-02-26T12:47:50.496" >
        <step title="Generating deployment script" date="2017-02-26T12:47:50.558" >
          <step title="Using cached version of the deployment script for command: -y --no-dot-deployment -r &quot;D:\home\site\repository&quot; -o &quot;D:\home\site\deployments\tools&quot; --node" date="2017-02-26T12:47:50.589" /><!-- duration: 31ms -->
        </step><!-- duration: 63ms -->
        <step title="Executing external process" date="2017-02-26T12:47:50.685" type="process" path="starter.cmd" arguments="&quot;D:\home\site\deployments\tools\deploy.cmd&quot;" /><!-- duration: 15611ms -->
        <step title="FunctionManager.SyncTriggers" date="2017-02-26T12:48:06.375" >
          <step title="Functions are not enabled for this site." date="2017-02-26T12:48:06.390" /><!-- duration: 16ms -->
        </step><!-- duration: 31ms -->
        <step title="Purge deployment items" date="2017-02-26T12:48:06.937" >
          <step title="Remove 3f121c251, Success, received at 2/26/2017 11:56:52 AM" date="2017-02-26T12:48:07.015" /><!-- duration: 0ms -->
        </step><!-- duration: 94ms -->
      </step><!-- duration: 16582ms -->
    </step><!-- duration: 17451ms -->
    <step title="Cleaning up temp files" date="2017-02-26T12:48:07.111" /><!-- duration: 0ms -->
    <step title="WebHooksManager.PublishEventAsync: PostDeployment" date="2017-02-26T12:48:07.158" /><!-- duration: 31ms -->
  </step><!-- duration: 24414ms -->
</step><!-- duration: 24448ms -->
