<step title="BackgroundTrace" date="2017-02-26T07:20:45.017" instance="25c8fe" url="/deploy" method="POST" >
  <step title="Performing fetch based deployment" date="2017-02-26T07:20:45.033" >
    <step title="Creating temporary deployment" date="2017-02-26T07:20:45.033" /><!-- duration: 63ms -->
    <step title="LibGit2SharpRepository Fetch" date="2017-02-26T07:20:45.392" /><!-- duration: 701ms -->
    <step title="LibGit2SharpRepository Update" date="2017-02-26T07:20:46.109" /><!-- duration: 2866ms -->
    <step title="DeploymentManager.Deploy(id:38ccc75164d10fa55e50ae441d8c3898920c3bf6)" date="2017-02-26T07:20:49.053" >
      <step title="Collecting changeset information" date="2017-02-26T07:20:49.068" /><!-- duration: 47ms -->
      <step title="Updating submodules" date="2017-02-26T07:20:49.131" /><!-- duration: 109ms -->
      <step title="Determining deployment builder" date="2017-02-26T07:20:49.352" >
        <step title="Builder is NodeSiteBuilder" date="2017-02-26T07:20:49.400" /><!-- duration: 0ms -->
      </step><!-- duration: 62ms -->
      <step title="Copying SSH keys" date="2017-02-26T07:20:49.446" /><!-- duration: 0ms -->
      <step title="Building" date="2017-02-26T07:20:49.462" >
        <step title="Generating deployment script" date="2017-02-26T07:20:49.540" >
          <step title="Using cached version of the deployment script for command: -y --no-dot-deployment -r &quot;D:\home\site\repository&quot; -o &quot;D:\home\site\deployments\tools&quot; --node" date="2017-02-26T07:20:49.571" /><!-- duration: 0ms -->
        </step><!-- duration: 47ms -->
        <step title="Executing external process" date="2017-02-26T07:20:49.712" type="process" path="starter.cmd" arguments="&quot;D:\home\site\deployments\tools\deploy.cmd&quot;" /><!-- duration: 10212ms -->
        <step title="FunctionManager.SyncTriggers" date="2017-02-26T07:21:00.002" >
          <step title="Functions are not enabled for this site." date="2017-02-26T07:21:00.002" /><!-- duration: 16ms -->
        </step><!-- duration: 16ms -->
        <step title="Purge deployment items" date="2017-02-26T07:21:00.486" >
          <step title="Remove eddf268c8, Success, received at 2/26/2017 6:16:39 AM" date="2017-02-26T07:21:00.580" /><!-- duration: 0ms -->
        </step><!-- duration: 94ms -->
      </step><!-- duration: 11149ms -->
    </step><!-- duration: 11559ms -->
    <step title="Cleaning up temp files" date="2017-02-26T07:21:00.627" /><!-- duration: 0ms -->
    <step title="WebHooksManager.PublishEventAsync: PostDeployment" date="2017-02-26T07:21:00.658" /><!-- duration: 16ms -->
  </step><!-- duration: 15703ms -->
</step><!-- duration: 15735ms -->
