<step title="BackgroundTrace" date="2017-02-26T09:11:06.949" instance="25c8fe" url="/deploy" method="POST" >
  <step title="Performing fetch based deployment" date="2017-02-26T09:11:06.964" >
    <step title="Creating temporary deployment" date="2017-02-26T09:11:06.964" /><!-- duration: 63ms -->
    <step title="LibGit2SharpRepository Fetch" date="2017-02-26T09:11:07.371" /><!-- duration: 752ms -->
    <step title="LibGit2SharpRepository Update" date="2017-02-26T09:11:08.122" /><!-- duration: 2892ms -->
    <step title="DeploymentManager.Deploy(id:7503035902c1cb823a529fd002b2940e107873e5)" date="2017-02-26T09:11:11.092" >
      <step title="Collecting changeset information" date="2017-02-26T09:11:11.108" /><!-- duration: 47ms -->
      <step title="Updating submodules" date="2017-02-26T09:11:11.170" /><!-- duration: 47ms -->
      <step title="Determining deployment builder" date="2017-02-26T09:11:11.358" >
        <step title="Builder is NodeSiteBuilder" date="2017-02-26T09:11:11.405" /><!-- duration: 0ms -->
      </step><!-- duration: 63ms -->
      <step title="Copying SSH keys" date="2017-02-26T09:11:11.452" /><!-- duration: 0ms -->
      <step title="Building" date="2017-02-26T09:11:11.452" >
        <step title="Generating deployment script" date="2017-02-26T09:11:11.514" >
          <step title="Using cached version of the deployment script for command: -y --no-dot-deployment -r &quot;D:\home\site\repository&quot; -o &quot;D:\home\site\deployments\tools&quot; --node" date="2017-02-26T09:11:11.545" /><!-- duration: 0ms -->
        </step><!-- duration: 47ms -->
        <step title="Executing external process" date="2017-02-26T09:11:11.811" type="process" path="starter.cmd" arguments="&quot;D:\home\site\deployments\tools\deploy.cmd&quot;" /><!-- duration: 9221ms -->
        <step title="FunctionManager.SyncTriggers" date="2017-02-26T09:11:21.110" >
          <step title="Functions are not enabled for this site." date="2017-02-26T09:11:21.126" /><!-- duration: 0ms -->
        </step><!-- duration: 31ms -->
        <step title="Purge deployment items" date="2017-02-26T09:11:21.677" >
          <step title="Remove 5a9519fe4, Success, received at 2/26/2017 8:31:43 AM" date="2017-02-26T09:11:21.774" /><!-- duration: 14ms -->
        </step><!-- duration: 125ms -->
      </step><!-- duration: 10382ms -->
    </step><!-- duration: 10757ms -->
    <step title="Cleaning up temp files" date="2017-02-26T09:11:21.849" /><!-- duration: 0ms -->
    <step title="WebHooksManager.PublishEventAsync: PostDeployment" date="2017-02-26T09:11:21.880" /><!-- duration: 31ms -->
  </step><!-- duration: 14963ms -->
</step><!-- duration: 14994ms -->
