<step title="BackgroundTrace" date="2017-02-26T12:16:54.742" instance="25c8fe" url="/deploy" method="POST" >
  <step title="Performing fetch based deployment" date="2017-02-26T12:16:54.761" >
    <step title="Creating temporary deployment" date="2017-02-26T12:16:54.761" /><!-- duration: 48ms -->
    <step title="LibGit2SharpRepository Fetch" date="2017-02-26T12:16:55.146" /><!-- duration: 874ms -->
    <step title="LibGit2SharpRepository Update" date="2017-02-26T12:16:56.020" /><!-- duration: 4649ms -->
    <step title="DeploymentManager.Deploy(id:1d7e4752d95bb12d7c00e53c476de6270f2ca35b)" date="2017-02-26T12:17:00.782" >
      <step title="Collecting changeset information" date="2017-02-26T12:17:00.782" /><!-- duration: 47ms -->
      <step title="Updating submodules" date="2017-02-26T12:17:00.844" /><!-- duration: 47ms -->
      <step title="Determining deployment builder" date="2017-02-26T12:17:01.000" >
        <step title="Builder is NodeSiteBuilder" date="2017-02-26T12:17:01.094" /><!-- duration: 0ms -->
      </step><!-- duration: 109ms -->
      <step title="Copying SSH keys" date="2017-02-26T12:17:01.141" /><!-- duration: 0ms -->
      <step title="Building" date="2017-02-26T12:17:01.157" >
        <step title="Generating deployment script" date="2017-02-26T12:17:01.204" >
          <step title="Using cached version of the deployment script for command: -y --no-dot-deployment -r &quot;D:\home\site\repository&quot; -o &quot;D:\home\site\deployments\tools&quot; --node" date="2017-02-26T12:17:01.235" /><!-- duration: 0ms -->
        </step><!-- duration: 47ms -->
        <step title="Executing external process" date="2017-02-26T12:17:01.329" type="process" path="starter.cmd" arguments="&quot;D:\home\site\deployments\tools\deploy.cmd&quot;" /><!-- duration: 14249ms -->
        <step title="FunctionManager.SyncTriggers" date="2017-02-26T12:17:15.640" >
          <step title="Functions are not enabled for this site." date="2017-02-26T12:17:15.640" /><!-- duration: 0ms -->
        </step><!-- duration: 16ms -->
        <step title="Purge deployment items" date="2017-02-26T12:17:16.171" >
          <step title="Remove 720c5004d, Success, received at 2/26/2017 10:34:38 AM" date="2017-02-26T12:17:16.249" /><!-- duration: 16ms -->
        </step><!-- duration: 94ms -->
      </step><!-- duration: 15140ms -->
    </step><!-- duration: 15515ms -->
    <step title="Cleaning up temp files" date="2017-02-26T12:17:16.296" /><!-- duration: 0ms -->
    <step title="WebHooksManager.PublishEventAsync: PostDeployment" date="2017-02-26T12:17:16.328" /><!-- duration: 15ms -->
  </step><!-- duration: 21694ms -->
</step><!-- duration: 21729ms -->
