<step title="BackgroundTrace" date="2017-02-26T12:44:57.879" instance="25c8fe" url="/deploy" method="POST" >
  <step title="Performing fetch based deployment" date="2017-02-26T12:44:57.895" >
    <step title="Creating temporary deployment" date="2017-02-26T12:44:57.895" /><!-- duration: 48ms -->
    <step title="LibGit2SharpRepository Fetch" date="2017-02-26T12:44:58.255" /><!-- duration: 998ms -->
    <step title="LibGit2SharpRepository Update" date="2017-02-26T12:44:59.254" /><!-- duration: 5736ms -->
    <step title="DeploymentManager.Deploy(id:b920dc27a67baf30a0db983f2444a7b1e58c9c89)" date="2017-02-26T12:45:05.114" >
      <step title="Collecting changeset information" date="2017-02-26T12:45:05.130" /><!-- duration: 47ms -->
      <step title="Updating submodules" date="2017-02-26T12:45:05.192" /><!-- duration: 62ms -->
      <step title="Determining deployment builder" date="2017-02-26T12:45:05.380" >
        <step title="Builder is NodeSiteBuilder" date="2017-02-26T12:45:05.458" /><!-- duration: 0ms -->
      </step><!-- duration: 94ms -->
      <step title="Copying SSH keys" date="2017-02-26T12:45:05.521" /><!-- duration: 0ms -->
      <step title="Building" date="2017-02-26T12:45:05.521" >
        <step title="Generating deployment script" date="2017-02-26T12:45:05.583" >
          <step title="Using cached version of the deployment script for command: -y --no-dot-deployment -r &quot;D:\home\site\repository&quot; -o &quot;D:\home\site\deployments\tools&quot; --node" date="2017-02-26T12:45:05.614" /><!-- duration: 16ms -->
        </step><!-- duration: 63ms -->
        <step title="Executing external process" date="2017-02-26T12:45:05.740" type="process" path="starter.cmd" arguments="&quot;D:\home\site\deployments\tools\deploy.cmd&quot;" /><!-- duration: 19312ms -->
        <step title="FunctionManager.SyncTriggers" date="2017-02-26T12:45:25.146" >
          <step title="Functions are not enabled for this site." date="2017-02-26T12:45:25.161" /><!-- duration: 0ms -->
        </step><!-- duration: 16ms -->
        <step title="Purge deployment items" date="2017-02-26T12:45:25.926" >
          <step title="Remove f976d8a37, Success, received at 2/26/2017 11:48:47 AM" date="2017-02-26T12:45:26.004" /><!-- duration: 16ms -->
        </step><!-- duration: 94ms -->
      </step><!-- duration: 20530ms -->
    </step><!-- duration: 20936ms -->
    <step title="Cleaning up temp files" date="2017-02-26T12:45:26.066" /><!-- duration: 0ms -->
    <step title="WebHooksManager.PublishEventAsync: PostDeployment" date="2017-02-26T12:45:26.098" /><!-- duration: 31ms -->
  </step><!-- duration: 28265ms -->
</step><!-- duration: 28296ms -->
