<step title="BackgroundTrace" date="2017-02-26T13:17:15.863" instance="25c8fe" url="/deploy" method="POST" >
  <step title="Performing fetch based deployment" date="2017-02-26T13:17:15.878" >
    <step title="Creating temporary deployment" date="2017-02-26T13:17:15.878" /><!-- duration: 53ms -->
    <step title="LibGit2SharpRepository Fetch" date="2017-02-26T13:17:16.270" /><!-- duration: 913ms -->
    <step title="LibGit2SharpRepository Update" date="2017-02-26T13:17:17.182" /><!-- duration: 5310ms -->
    <step title="DeploymentManager.Deploy(id:5538cedacaa432ce7002b93e391579fec746f0ab)" date="2017-02-26T13:17:22.632" >
      <step title="Collecting changeset information" date="2017-02-26T13:17:22.648" /><!-- duration: 47ms -->
      <step title="Updating submodules" date="2017-02-26T13:17:22.695" /><!-- duration: 78ms -->
      <step title="Determining deployment builder" date="2017-02-26T13:17:22.884" >
        <step title="Builder is NodeSiteBuilder" date="2017-02-26T13:17:22.961" /><!-- duration: 0ms -->
      </step><!-- duration: 93ms -->
      <step title="Copying SSH keys" date="2017-02-26T13:17:23.135" /><!-- duration: 15ms -->
      <step title="Building" date="2017-02-26T13:17:23.149" >
        <step title="Generating deployment script" date="2017-02-26T13:17:23.212" >
          <step title="Using cached version of the deployment script for command: -y --no-dot-deployment -r &quot;D:\home\site\repository&quot; -o &quot;D:\home\site\deployments\tools&quot; --node" date="2017-02-26T13:17:23.243" /><!-- duration: 16ms -->
        </step><!-- duration: 47ms -->
        <step title="Executing external process" date="2017-02-26T13:17:23.337" type="process" path="starter.cmd" arguments="&quot;D:\home\site\deployments\tools\deploy.cmd&quot;" /><!-- duration: 14528ms -->
        <step title="FunctionManager.SyncTriggers" date="2017-02-26T13:17:37.944" >
          <step title="Functions are not enabled for this site." date="2017-02-26T13:17:37.959" /><!-- duration: 0ms -->
        </step><!-- duration: 31ms -->
        <step title="Purge deployment items" date="2017-02-26T13:17:38.476" >
          <step title="Remove 2819ef600, Success, received at 2/26/2017 12:19:48 PM" date="2017-02-26T13:17:38.569" /><!-- duration: 0ms -->
        </step><!-- duration: 108ms -->
      </step><!-- duration: 15450ms -->
    </step><!-- duration: 15999ms -->
    <step title="Cleaning up temp files" date="2017-02-26T13:17:38.631" /><!-- duration: 0ms -->
    <step title="WebHooksManager.PublishEventAsync: PostDeployment" date="2017-02-26T13:17:38.662" /><!-- duration: 16ms -->
  </step><!-- duration: 22878ms -->
</step><!-- duration: 22909ms -->
