<step title="BackgroundTrace" date="2017-02-26T02:46:25.125" instance="25c8fe" url="/deploy" method="POST" >
  <step title="Performing fetch based deployment" date="2017-02-26T02:46:25.265" >
    <step title="Creating temporary deployment" date="2017-02-26T02:46:25.297" /><!-- duration: 62ms -->
    <step title="LibGit2SharpRepository Fetch" date="2017-02-26T02:46:25.767" /><!-- duration: 564ms -->
    <step title="LibGit2SharpRepository Update" date="2017-02-26T02:46:26.331" /><!-- duration: 2041ms -->
    <step title="DeploymentManager.Deploy(id:d1256399840d3f67c6ae4395a634c77af13a495c)" date="2017-02-26T02:46:28.419" >
      <step title="Collecting changeset information" date="2017-02-26T02:46:28.435" /><!-- duration: 47ms -->
      <step title="Updating submodules" date="2017-02-26T02:46:28.482" /><!-- duration: 63ms -->
      <step title="Determining deployment builder" date="2017-02-26T02:46:28.654" >
        <step title="Builder is NodeSiteBuilder" date="2017-02-26T02:46:28.716" /><!-- duration: 16ms -->
      </step><!-- duration: 79ms -->
      <step title="Copying SSH keys" date="2017-02-26T02:46:28.763" /><!-- duration: 16ms -->
      <step title="Building" date="2017-02-26T02:46:28.810" >
        <step title="Generating deployment script" date="2017-02-26T02:46:28.857" >
          <step title="Using cached version of the deployment script for command: -y --no-dot-deployment -r &quot;D:\home\site\repository&quot; -o &quot;D:\home\site\deployments\tools&quot; --node" date="2017-02-26T02:46:28.888" /><!-- duration: 0ms -->
        </step><!-- duration: 47ms -->
        <step title="Executing external process" date="2017-02-26T02:46:28.982" type="process" path="starter.cmd" arguments="&quot;D:\home\site\deployments\tools\deploy.cmd&quot;" /><!-- duration: 7993ms -->
        <step title="FunctionManager.SyncTriggers" date="2017-02-26T02:46:37.100" >
          <step title="Functions are not enabled for this site." date="2017-02-26T02:46:37.100" /><!-- duration: 16ms -->
        </step><!-- duration: 16ms -->
      </step><!-- duration: 8722ms -->
    </step><!-- duration: 9131ms -->
    <step title="Cleaning up temp files" date="2017-02-26T02:46:37.550" /><!-- duration: 0ms -->
    <step title="WebHooksManager.PublishEventAsync: PostDeployment" date="2017-02-26T02:46:37.581" /><!-- duration: 47ms -->
  </step><!-- duration: 12457ms -->
</step><!-- duration: 12628ms -->
