<step title="BackgroundTrace" date="2017-02-26T11:48:40.902" instance="25c8fe" url="/deploy" method="POST" >
  <step title="Performing fetch based deployment" date="2017-02-26T11:48:40.918" >
    <step title="Creating temporary deployment" date="2017-02-26T11:48:40.933" /><!-- duration: 47ms -->
    <step title="LibGit2SharpRepository Fetch" date="2017-02-26T11:48:41.234" /><!-- duration: 835ms -->
    <step title="LibGit2SharpRepository Update" date="2017-02-26T11:48:42.069" /><!-- duration: 5215ms -->
    <step title="DeploymentManager.Deploy(id:f976d8a37c947516ddf5e026c0d5b094ca141d18)" date="2017-02-26T11:48:47.380" >
      <step title="Collecting changeset information" date="2017-02-26T11:48:47.393" /><!-- duration: 47ms -->
      <step title="Updating submodules" date="2017-02-26T11:48:47.455" /><!-- duration: 47ms -->
      <step title="Determining deployment builder" date="2017-02-26T11:48:47.643" >
        <step title="Builder is NodeSiteBuilder" date="2017-02-26T11:48:47.721" /><!-- duration: 0ms -->
      </step><!-- duration: 94ms -->
      <step title="Copying SSH keys" date="2017-02-26T11:48:47.784" /><!-- duration: 0ms -->
      <step title="Building" date="2017-02-26T11:48:47.784" >
        <step title="Generating deployment script" date="2017-02-26T11:48:47.846" >
          <step title="Using cached version of the deployment script for command: -y --no-dot-deployment -r &quot;D:\home\site\repository&quot; -o &quot;D:\home\site\deployments\tools&quot; --node" date="2017-02-26T11:48:47.877" /><!-- duration: 0ms -->
        </step><!-- duration: 47ms -->
        <step title="Executing external process" date="2017-02-26T11:48:47.940" type="process" path="starter.cmd" arguments="&quot;D:\home\site\deployments\tools\deploy.cmd&quot;" /><!-- duration: 15443ms -->
        <step title="FunctionManager.SyncTriggers" date="2017-02-26T11:49:03.461" >
          <step title="Functions are not enabled for this site." date="2017-02-26T11:49:03.461" /><!-- duration: 0ms -->
        </step><!-- duration: 16ms -->
        <step title="Purge deployment items" date="2017-02-26T11:49:03.992" >
          <step title="Remove a5fec0888, Success, received at 2/26/2017 10:06:30 AM" date="2017-02-26T11:49:04.102" /><!-- duration: 0ms -->
        </step><!-- duration: 109ms -->
      </step><!-- duration: 16349ms -->
    </step><!-- duration: 16769ms -->
    <step title="Cleaning up temp files" date="2017-02-26T11:49:04.149" /><!-- duration: 0ms -->
    <step title="WebHooksManager.PublishEventAsync: PostDeployment" date="2017-02-26T11:49:04.180" /><!-- duration: 31ms -->
  </step><!-- duration: 23371ms -->
</step><!-- duration: 23403ms -->
