<step title="BackgroundTrace" date="2017-02-26T07:35:25.149" instance="25c8fe" url="/deploy" method="POST" >
  <step title="Performing fetch based deployment" date="2017-02-26T07:35:25.164" >
    <step title="Creating temporary deployment" date="2017-02-26T07:35:25.164" /><!-- duration: 62ms -->
    <step title="LibGit2SharpRepository Fetch" date="2017-02-26T07:35:25.574" /><!-- duration: 718ms -->
    <step title="LibGit2SharpRepository Update" date="2017-02-26T07:35:26.307" /><!-- duration: 2689ms -->
    <step title="DeploymentManager.Deploy(id:6313933de33b45505d6bd4ea291ac8313a22fe68)" date="2017-02-26T07:35:29.075" >
      <step title="Collecting changeset information" date="2017-02-26T07:35:29.075" /><!-- duration: 47ms -->
      <step title="Updating submodules" date="2017-02-26T07:35:29.137" /><!-- duration: 78ms -->
      <step title="Determining deployment builder" date="2017-02-26T07:35:29.325" >
        <step title="Builder is NodeSiteBuilder" date="2017-02-26T07:35:29.372" /><!-- duration: 16ms -->
      </step><!-- duration: 63ms -->
      <step title="Copying SSH keys" date="2017-02-26T07:35:29.419" /><!-- duration: 0ms -->
      <step title="Building" date="2017-02-26T07:35:29.434" >
        <step title="Generating deployment script" date="2017-02-26T07:35:29.481" >
          <step title="Using cached version of the deployment script for command: -y --no-dot-deployment -r &quot;D:\home\site\repository&quot; -o &quot;D:\home\site\deployments\tools&quot; --node" date="2017-02-26T07:35:29.512" /><!-- duration: 0ms -->
        </step><!-- duration: 47ms -->
        <step title="Executing external process" date="2017-02-26T07:35:29.590" type="process" path="starter.cmd" arguments="&quot;D:\home\site\deployments\tools\deploy.cmd&quot;" /><!-- duration: 9260ms -->
        <step title="FunctionManager.SyncTriggers" date="2017-02-26T07:35:38.928" >
          <step title="Functions are not enabled for this site." date="2017-02-26T07:35:38.928" /><!-- duration: 16ms -->
        </step><!-- duration: 16ms -->
        <step title="Purge deployment items" date="2017-02-26T07:35:39.506" >
          <step title="Remove bf8bee48d, Success, received at 2/26/2017 6:35:31 AM" date="2017-02-26T07:35:39.633" /><!-- duration: 0ms -->
        </step><!-- duration: 127ms -->
      </step><!-- duration: 10277ms -->
    </step><!-- duration: 10636ms -->
    <step title="Cleaning up temp files" date="2017-02-26T07:35:39.711" /><!-- duration: 16ms -->
    <step title="WebHooksManager.PublishEventAsync: PostDeployment" date="2017-02-26T07:35:39.758" /><!-- duration: 16ms -->
  </step><!-- duration: 14672ms -->
</step><!-- duration: 14703ms -->
