<step title="BackgroundTrace" date="2017-02-26T12:19:42.162" instance="25c8fe" url="/deploy" method="POST" >
  <step title="Performing fetch based deployment" date="2017-02-26T12:19:42.162" >
    <step title="Creating temporary deployment" date="2017-02-26T12:19:42.177" /><!-- duration: 47ms -->
    <step title="LibGit2SharpRepository Fetch" date="2017-02-26T12:19:42.584" /><!-- duration: 988ms -->
    <step title="LibGit2SharpRepository Update" date="2017-02-26T12:19:43.571" /><!-- duration: 5226ms -->
    <step title="DeploymentManager.Deploy(id:2819ef6006bda50e6654b6fba1cfb12e5aff9c57)" date="2017-02-26T12:19:48.890" >
      <step title="Collecting changeset information" date="2017-02-26T12:19:48.906" /><!-- duration: 47ms -->
      <step title="Updating submodules" date="2017-02-26T12:19:48.969" /><!-- duration: 78ms -->
      <step title="Determining deployment builder" date="2017-02-26T12:19:49.187" >
        <step title="Builder is NodeSiteBuilder" date="2017-02-26T12:19:49.265" /><!-- duration: 16ms -->
      </step><!-- duration: 109ms -->
      <step title="Copying SSH keys" date="2017-02-26T12:19:49.328" /><!-- duration: 0ms -->
      <step title="Building" date="2017-02-26T12:19:49.328" >
        <step title="Generating deployment script" date="2017-02-26T12:19:49.426" >
          <step title="Using cached version of the deployment script for command: -y --no-dot-deployment -r &quot;D:\home\site\repository&quot; -o &quot;D:\home\site\deployments\tools&quot; --node" date="2017-02-26T12:19:49.442" /><!-- duration: 0ms -->
        </step><!-- duration: 47ms -->
        <step title="Executing external process" date="2017-02-26T12:19:49.535" type="process" path="starter.cmd" arguments="&quot;D:\home\site\deployments\tools\deploy.cmd&quot;" /><!-- duration: 21114ms -->
        <step title="FunctionManager.SyncTriggers" date="2017-02-26T12:20:10.743" >
          <step title="Functions are not enabled for this site." date="2017-02-26T12:20:10.743" /><!-- duration: 16ms -->
        </step><!-- duration: 16ms -->
        <step title="Purge deployment items" date="2017-02-26T12:20:11.196" >
          <step title="Remove a57b00bec, Success, received at 2/26/2017 11:27:57 AM" date="2017-02-26T12:20:11.274" /><!-- duration: 16ms -->
        </step><!-- duration: 94ms -->
      </step><!-- duration: 21993ms -->
    </step><!-- duration: 22446ms -->
    <step title="Cleaning up temp files" date="2017-02-26T12:20:11.337" /><!-- duration: 0ms -->
    <step title="WebHooksManager.PublishEventAsync: PostDeployment" date="2017-02-26T12:20:11.368" /><!-- duration: 16ms -->
  </step><!-- duration: 29317ms -->
</step><!-- duration: 29347ms -->
