<step title="BackgroundTrace" date="2017-02-26T07:02:51.322" instance="25c8fe" url="/deploy" method="POST" >
  <step title="Performing fetch based deployment" date="2017-02-26T07:02:51.337" >
    <step title="Creating temporary deployment" date="2017-02-26T07:02:51.353" /><!-- duration: 63ms -->
    <step title="LibGit2SharpRepository Fetch" date="2017-02-26T07:02:51.857" /><!-- duration: 826ms -->
    <step title="LibGit2SharpRepository Update" date="2017-02-26T07:02:52.683" /><!-- duration: 3070ms -->
    <step title="DeploymentManager.Deploy(id:0e56fa046dedfcc4a3c445945c219ebc4171593c)" date="2017-02-26T07:02:55.816" >
      <step title="Collecting changeset information" date="2017-02-26T07:02:55.831" /><!-- duration: 62ms -->
      <step title="Updating submodules" date="2017-02-26T07:02:55.894" /><!-- duration: 63ms -->
      <step title="Determining deployment builder" date="2017-02-26T07:02:56.066" >
        <step title="Builder is NodeSiteBuilder" date="2017-02-26T07:02:56.113" /><!-- duration: 0ms -->
      </step><!-- duration: 63ms -->
      <step title="Copying SSH keys" date="2017-02-26T07:02:56.144" /><!-- duration: 16ms -->
      <step title="Building" date="2017-02-26T07:02:56.159" >
        <step title="Generating deployment script" date="2017-02-26T07:02:56.222" >
          <step title="Using cached version of the deployment script for command: -y --no-dot-deployment -r &quot;D:\home\site\repository&quot; -o &quot;D:\home\site\deployments\tools&quot; --node" date="2017-02-26T07:02:56.238" /><!-- duration: 16ms -->
        </step><!-- duration: 31ms -->
        <step title="Executing external process" date="2017-02-26T07:02:56.378" type="process" path="starter.cmd" arguments="&quot;D:\home\site\deployments\tools\deploy.cmd&quot;" /><!-- duration: 9572ms -->
        <step title="FunctionManager.SyncTriggers" date="2017-02-26T07:03:06.059" >
          <step title="Functions are not enabled for this site." date="2017-02-26T07:03:06.075" /><!-- duration: 0ms -->
        </step><!-- duration: 31ms -->
        <step title="Purge deployment items" date="2017-02-26T07:03:06.624" >
          <step title="Remove c3d39d895, Success, received at 2/26/2017 6:05:39 AM" date="2017-02-26T07:03:06.731" /><!-- duration: 0ms -->
        </step><!-- duration: 107ms -->
      </step><!-- duration: 10619ms -->
    </step><!-- duration: 10994ms -->
    <step title="Cleaning up temp files" date="2017-02-26T07:03:06.809" /><!-- duration: 0ms -->
    <step title="WebHooksManager.PublishEventAsync: PostDeployment" date="2017-02-26T07:03:06.841" /><!-- duration: 31ms -->
  </step><!-- duration: 15629ms -->
</step><!-- duration: 15660ms -->
