<step title="BackgroundTrace" date="2017-02-26T06:08:53.185" instance="25c8fe" url="/deploy" method="POST" >
  <step title="Performing fetch based deployment" date="2017-02-26T06:08:53.200" >
    <step title="Creating temporary deployment" date="2017-02-26T06:08:53.216" /><!-- duration: 47ms -->
    <step title="LibGit2SharpRepository Fetch" date="2017-02-26T06:08:53.647" /><!-- duration: 598ms -->
    <step title="LibGit2SharpRepository Update" date="2017-02-26T06:08:54.245" /><!-- duration: 2979ms -->
    <step title="DeploymentManager.Deploy(id:9626d758f9505de8595b8d86276c5a3e9278ce4b)" date="2017-02-26T06:08:57.271" >
      <step title="Collecting changeset information" date="2017-02-26T06:08:57.287" /><!-- duration: 31ms -->
      <step title="Updating submodules" date="2017-02-26T06:08:57.318" /><!-- duration: 31ms -->
      <step title="Determining deployment builder" date="2017-02-26T06:08:57.412" >
        <step title="Builder is NodeSiteBuilder" date="2017-02-26T06:08:57.490" /><!-- duration: 16ms -->
      </step><!-- duration: 94ms -->
      <step title="Copying SSH keys" date="2017-02-26T06:08:57.537" /><!-- duration: 16ms -->
      <step title="Building" date="2017-02-26T06:08:57.552" >
        <step title="Generating deployment script" date="2017-02-26T06:08:57.616" >
          <step title="Using cached version of the deployment script for command: -y --no-dot-deployment -r &quot;D:\home\site\repository&quot; -o &quot;D:\home\site\deployments\tools&quot; --node" date="2017-02-26T06:08:57.630" /><!-- duration: 16ms -->
        </step><!-- duration: 31ms -->
        <step title="Executing external process" date="2017-02-26T06:08:57.756" type="process" path="starter.cmd" arguments="&quot;D:\home\site\deployments\tools\deploy.cmd&quot;" /><!-- duration: 9788ms -->
        <step title="FunctionManager.SyncTriggers" date="2017-02-26T06:09:07.638" >
          <step title="Functions are not enabled for this site." date="2017-02-26T06:09:07.638" /><!-- duration: 16ms -->
        </step><!-- duration: 34ms -->
      </step><!-- duration: 10595ms -->
    </step><!-- duration: 10911ms -->
    <step title="Cleaning up temp files" date="2017-02-26T06:09:08.182" /><!-- duration: 12ms -->
    <step title="WebHooksManager.PublishEventAsync: PostDeployment" date="2017-02-26T06:09:08.210" /><!-- duration: 47ms -->
  </step><!-- duration: 15149ms -->
</step><!-- duration: 15181ms -->
