﻿<?xml version="1.0" encoding="utf-8"?>
<deployment>
  <id>0d67013d08058b420f1e6bdbf227b29dfbc4f598</id>
  <author>Gabriel Guzman</author>
  <deployer>GitHub</deployer>
  <authorEmail>guzman.gabriel@outlook.com</authorEmail>
  <message>Setting up sockets as last hope
</message>
  <progress></progress>
  <status>Success</status>
  <statusText></statusText>
  <lastSuccessEndTime>2017-02-26T12:48:59.424901Z</lastSuccessEndTime>
  <receivedTime>2017-02-26T12:48:35.5333569Z</receivedTime>
  <startTime>2017-02-26T12:48:35.7364838Z</startTime>
  <endTime>2017-02-26T12:48:59.424901Z</endTime>
  <complete>True</complete>
  <is_temp>False</is_temp>
  <is_readonly>False</is_readonly>
</deployment>