﻿<?xml version="1.0" encoding="utf-8"?>
<deployment>
  <id>7786e00291b481ae38e9b90cc9658534372099aa</id>
  <author>Gabriel Guzman</author>
  <deployer>GitHub</deployer>
  <authorEmail>guzman.gabriel@outlook.com</authorEmail>
  <message>Setting up sockets as last hope
</message>
  <progress></progress>
  <status>Success</status>
  <statusText></statusText>
  <lastSuccessEndTime>2017-02-26T12:52:41.2369379Z</lastSuccessEndTime>
  <receivedTime>2017-02-26T12:52:23.1344455Z</receivedTime>
  <startTime>2017-02-26T12:52:26.5873189Z</startTime>
  <endTime>2017-02-26T12:52:41.2369379Z</endTime>
  <complete>True</complete>
  <is_temp>False</is_temp>
  <is_readonly>False</is_readonly>
</deployment>