﻿<?xml version="1.0" encoding="utf-8"?>
<deployment>
  <id>2f47fa02c3a0810bea0fa00d67225ccab8ed89b6</id>
  <author>Gabriel Guzman</author>
  <deployer>GitHub</deployer>
  <authorEmail>guzman.gabriel@outlook.com</authorEmail>
  <message>Undid feature for pres
</message>
  <progress></progress>
  <status>Success</status>
  <statusText></statusText>
  <lastSuccessEndTime>2017-02-26T14:49:16.5642186Z</lastSuccessEndTime>
  <receivedTime>2017-02-26T14:49:00.5897367Z</receivedTime>
  <startTime>2017-02-26T14:49:00.7616055Z</startTime>
  <endTime>2017-02-26T14:49:16.5642186Z</endTime>
  <complete>True</complete>
  <is_temp>False</is_temp>
  <is_readonly>False</is_readonly>
</deployment>