﻿<?xml version="1.0" encoding="utf-8"?>
<deployment>
  <id>66503640b78baab02a28525690600c25d62b6b7d</id>
  <author>dilloncc97</author>
  <deployer>GitHub</deployer>
  <authorEmail>dillonculp51@gmail.com</authorEmail>
  <message>fix page gabe told me to fix
</message>
  <progress></progress>
  <status>Success</status>
  <statusText></statusText>
  <lastSuccessEndTime>2017-02-26T14:51:16.5933897Z</lastSuccessEndTime>
  <receivedTime>2017-02-26T14:50:59.8899415Z</receivedTime>
  <startTime>2017-02-26T14:51:00.0461881Z</startTime>
  <endTime>2017-02-26T14:51:16.5933897Z</endTime>
  <complete>True</complete>
  <is_temp>False</is_temp>
  <is_readonly>False</is_readonly>
</deployment>