﻿<?xml version="1.0" encoding="utf-8"?>
<deployment>
  <id>b920dc27a67baf30a0db983f2444a7b1e58c9c89</id>
  <author>Gabriel Guzman</author>
  <deployer>GitHub</deployer>
  <authorEmail>guzman.gabriel@outlook.com</authorEmail>
  <message>Setting up sockets as last hope
</message>
  <progress></progress>
  <status>Success</status>
  <statusText></statusText>
  <lastSuccessEndTime>2017-02-26T12:45:25.5355932Z</lastSuccessEndTime>
  <receivedTime>2017-02-26T12:45:05.1460841Z</receivedTime>
  <startTime>2017-02-26T12:45:05.3492113Z</startTime>
  <endTime>2017-02-26T12:45:25.5355932Z</endTime>
  <complete>True</complete>
  <is_temp>False</is_temp>
  <is_readonly>False</is_readonly>
</deployment>