﻿<?xml version="1.0" encoding="utf-8"?>
<deployment>
  <id>e4e22ae1fab1070e6fb0892c234b818fa13b0783</id>
  <author>Gabriel Guzman</author>
  <deployer>GitHub</deployer>
  <authorEmail>guzman.gabriel@outlook.com</authorEmail>
  <message>ugh
</message>
  <progress></progress>
  <status>Success</status>
  <statusText></statusText>
  <lastSuccessEndTime>2017-02-26T14:46:15.8641899Z</lastSuccessEndTime>
  <receivedTime>2017-02-26T14:46:00.0337931Z</receivedTime>
  <startTime>2017-02-26T14:46:00.221292Z</startTime>
  <endTime>2017-02-26T14:46:15.8641899Z</endTime>
  <complete>True</complete>
  <is_temp>False</is_temp>
  <is_readonly>False</is_readonly>
</deployment>